run,date,start_time,ebeam,current,target,hms_p,hms_th,shms_p,shms_th,ps1,ps2,ps3,ps4,ps5,ps6,run_type,comment
27106,06/15/26,06:16,6.449,20.0,LH2,1.67,47.91,-5.52,13.01,-1,-1,-1,-1,0,-1,HEEP,First good run
27107,06/15/26,07:21,6.449,40.0,DUMMY,1.67,47.91,-5.52,13.01,-1,-1,-1,-1,0,-1,HEEP,
27108,06/15/26,07:54,6.449,40.0,DUMMY,1.67,47.91,-5.52,13.01,4,-1,-1,-1,-1,-1,SHMSHEE,
27109,06/15/26,08:17,6.449,40.0,LH2,1.67,47.91,-5.52,13.01,6,-1,-1,-1,-1,-1,SHMSHEE,
27113,06/15/26,10:15,6.449,27.0,LH2,-1.165,31.278,-2.766,8.275,-1,-1,5,-1,-1,-1,HMSDIS,
27114,06/15/26,10:33,6.449,27.0,LH2,-1.165,31.278,-2.766,8.275,-1,-1,-1,0,-1,-1,HMSDIS,
27115,06/15/26,11:11,6.449,27.0,LH2,-1.165,31.278,-2.766,8.275,-1,-1,-1,0,-1,-1,HMSDIS,
27116,06/15/26,11:29,6.449,27.0,LH2,-1.165,31.278,-2.766,8.275,10,-1,-1,-1,-1,-1,SHMSDIS,
27118,06/15/26,12:16,6.449,27.0,LH2,-1.165,31.278,-2.766,8.275,-1,-1,5,-1,-1,-1,HMSDIS,
27119,06/15/26,12:35,6.449,27.0,LH2,-1.165,31.278,-2.766,8.275,-1,-1,-1,0,-1,-1,HMSDIS,
27120,06/15/26,12:57,6.449,27.0,LH2,-1.165,31.278,-2.766,8.275,9,-1,-1,-1,-1,-1,SHMSDIS,
27121,06/15/26,13:19,6.449,27.0,LH2,-1.165,31.278,-2.766,8.275,-1,8,-1,-1,-1,-1,SHMSDIS,
27122,06/15/26,13:38,6.449,27.0,LH2,-1.165,31.278,-2.766,8.275,-1,-1,-1,-1,-1,0,PI-SIDIS,First good SIDIS Run
27123,06/15/26,14:12,6.449,27.0,LH2,-1.165,31.278,-2.766,8.275,-1,-1,-1,-1,-1,0,PI-SIDIS,
27124,06/15/26,14:46,6.449,27.0,LH2,-1.165,31.278,-2.766,8.275,-1,-1,-1,-1,-1,0,PI-SIDIS,
27125,06/15/26,15:25,6.449,27.0,LH2,-1.165,31.278,-2.766,8.275,-1,-1,-1,-1,-1,0,PI-SIDIS,
27126,06/15/26,15:56,6.449,27.0,LH2,-1.165,31.278,-2.766,8.275,-1,-1,-1,-1,-1,0,PI-SIDIS,"Run stopped early, Helicity prediction failed on 50k replay"
27127,06/15/26,16:12,6.449,27.0,LH2,-1.165,31.278,-2.766,8.275,-1,-1,-1,-1,-1,0,PI-SIDIS,
27128,06/15/26,17:01,6.449,27.0,LH2,-1.165,31.278,-2.766,8.275,-1,-1,-1,-1,-1,0,PI-SIDIS,
27129,06/15/26,17:18,6.449,27.0,LH2,-1.165,31.278,-2.766,8.275,-1,-1,-1,-1,-1,0,PI-SIDIS,
27130,06/15/26,18:11,6.449,27.0,LH2,-1.165,31.278,-2.766,8.275,-1,-1,-1,-1,-1,0,PI-SIDIS,
27131,06/15/26,18:44,6.449,27.0,LH2,-1.165,31.278,-2.766,8.275,-1,-1,-1,-1,-1,0,PI-SIDIS,
27132,06/15/26,19:19,6.449,27.0,LH2,-1.165,31.278,-2.766,8.275,-1,-1,-1,-1,0,-1,PI-SIDIS,"Trigg eff check run, stopped early, Helicity prediction fail on 50k replay"
27133,06/15/26,19:25,6.449,27.0,LH2,-1.165,31.278,-2.766,8.275,-1,-1,-1,-1,0,-1,PI-SIDIS,Trigg eff check run
27134,06/15/26,19:52,6.449,27.0,LH2,-1.165,31.278,-2.766,8.275,-1,-1,-1,0,-1,-1,HMSDIS,
27135,06/15/26,20:19,6.449,40.0,DUMMY,-1.165,31.278,-2.766,8.275,-1,-1,-1,-1,-1,0,PI-SIDIS,
27136,06/15/26,20:54,6.449,40.0,DUMMY,-1.165,31.278,-2.766,8.275,-1,-1,-1,-1,-1,0,PI-SIDIS,
27137,06/15/26,21:29,6.449,40.0,DUMMY,-1.165,31.278,-2.766,8.275,-1,-1,-1,-1,-1,0,PI-SIDIS,
27138,06/15/26,22:03,6.449,40.0,DUMMY,-1.165,31.278,-2.766,8.275,-1,-1,-1,0,-1,-1,HMSDIS,
27139,06/15/26,22:30,6.449,27.0,LH2,-1.165,31.278,-2.766,8.275,-1,-1,-1,-1,-1,0,PI-SIDIS,
27140,06/15/26,23:05,6.449,27.0,LH2,-1.165,31.278,-2.766,8.275,-1,-1,-1,-1,-1,0,PI-SIDIS,
27141,06/15/26,23:39,6.449,27.0,LH2,-1.165,31.278,-2.766,8.275,-1,-1,-1,-1,-1,0,PI-SIDIS,
27142,06/16/26,00:15,6.449,27.0,LH2,-1.165,31.278,-2.766,8.275,-1,-1,-1,-1,-1,0,PI-SIDIS,
27143,06/16/26,00:45,6.449,27.0,LH2,-1.165,31.278,-2.766,8.275,-1,-1,-1,-1,-1,0,PI-SIDIS,
27144,06/16/26,01:18,6.449,27.0,LH2,-1.165,31.278,-2.766,8.275,-1,-1,-1,-1,-1,0,PI-SIDIS,
27145,06/16/26,01:51,6.449,27.0,LH2,-1.165,31.278,-2.766,8.275,-1,-1,-1,-1,-1,0,PI-SIDIS,
27146,06/16/26,02:22,6.449,27.0,LH2,-1.165,31.278,-2.766,8.275,-1,-1,-1,-1,-1,0,PI-SIDIS,
27147,06/16/26,03:00,6.449,27.0,LH2,-1.165,31.278,-2.766,8.275,-1,-1,-1,-1,-1,0,PI-SIDIS,
27148,06/16/26,03:32,6.449,27.0,LH2,-1.165,31.278,-2.766,8.275,-1,-1,-1,-1,-1,0,PI-SIDIS,15 min run due to beam trip
27149,06/16/26,03:55,6.449,27.0,LH2,-1.165,31.278,-2.766,8.275,-1,-1,-1,-1,-1,0,PI-SIDIS,
27150,06/16/26,04:28,6.449,40.0,DUMMY,-1.165,31.278,-2.766,8.275,-1,-1,-1,-1,-1,0,PI-SIDIS,
27151,06/16/26,05:04,6.449,40.0,DUMMY,-1.165,31.278,-2.766,8.275,-1,-1,-1,-1,-1,0,PI-SIDIS,
27152,06/16/26,05:34,6.449,40.0,DUMMY,-1.165,31.278,-2.766,8.275,-1,-1,-1,-1,-1,0,PI-SIDIS,
27153,06/16/26,06:08,6.449,27.0,LH2,-1.165,31.278,-2.766,8.275,-1,-1,-1,-1,-1,0,PI-SIDIS,short run due to beam trip
27154,06/16/26,06:37,6.449,27.0,LH2,-1.165,31.278,-2.766,8.275,-1,-1,-1,-1,-1,0,PI-SIDIS,
27155,06/16/26,07:11,6.449,27.0,LH2,-1.165,31.278,-2.766,8.275,-1,-1,-1,-1,-1,0,PI-SIDIS,
27156,06/16/26,23:22,6.449,50.0,LH2,-1.165,31.278,4.978,8.275,-1,-1,-1,-1,-1,0,PI+SIDIS,No start run info on hclog
27157,06/16/26,23:59,6.449,50.0,LH2,-1.165,31.278,4.978,8.275,-1,-1,-1,-1,-1,0,PI+SIDIS,short run due to beam trip
27158,06/17/26,01:01,6.449,50.0,LH2,-1.165,31.278,4.978,8.275,-1,-1,-1,-1,-1,0,PI+SIDIS,Beam down after the run
27159,06/17/26,04:34,6.449,50.0,LH2,-1.165,31.278,4.978,8.275,-1,-1,-1,1,-1,-1,HMSDIS,
27160,06/17/26,05:08,6.449,50.0,DUMMY,-1.165,31.278,4.978,8.275,-1,-1,-1,-1,-1,0,PI+SIDIS,
27161,06/17/26,05:44,6.449,50.0,DUMMY,-1.165,31.278,4.978,8.275,-1,-1,-1,1,-1,-1,HMSDIS,
27162,06/17/26,06:17,6.449,19.0,LH2,-1.165,31.278,2.766,8.275,-1,-1,-1,-1,-1,0,PI+SIDIS,stopped run to increase current
27163,06/17/26,06:34,6.449,30.0,LH2,-1.165,31.278,2.766,8.275,-1,-1,-1,-1,-1,0,PI+SIDIS,
27164,06/17/26,07:04,6.449,30.0,LH2,-1.165,31.278,2.766,8.275,-1,-1,-1,-1,-1,0,PI+SIDIS,"* <- added based on hclog, needs tallied w/ run sheet (PD)"
27165,06/17/26,07:35,6.449,30.0,LH2,-1.165,31.278,2.766,8.275,-1,-1,-1,-1,-1,0,PI+SIDIS,*
27166,06/17/26,08:05,6.449,30.0,LH2,-1.165,31.278,2.766,8.275,-1,-1,-1,-1,-1,0,PI+SIDIS,*
27167,06/17/26,08:37,6.449,30.0,LH2,-1.165,31.278,2.766,8.275,-1,-1,-1,-1,-1,0,PI+SIDIS,*
27168,06/17/26,09:07,6.449,30.0,LH2,-1.165,31.278,2.766,8.275,-1,-1,-1,-1,-1,0,PI+SIDIS,*
27169,06/17/26,09:38,6.449,30.0,LH2,-1.165,31.278,2.766,8.275,-1,-1,-1,-1,-1,0,PI+SIDIS,*
27170,06/17/26,10:11,6.449,30.0,LH2,-1.165,31.278,2.766,8.275,-1,-1,-1,-1,-1,0,PI+SIDIS,
27171,06/17/26,10:44,6.449,30.0,LH2,-1.165,31.278,2.766,8.275,-1,-1,-1,-1,0,-1,PI+SIDIS,
27172,06/17/26,11:19,6.449,30.0,LH2,-1.165,31.278,2.766,8.275,-1,-1,-1,-1,-1,0,PI+SIDIS,
27173,06/17/26,11:38,6.449,30.0,LH2,-1.165,31.278,2.766,8.275,-1,-1,-1,-1,-1,0,PI+SIDIS,
27174,06/17/26,12:01,6.449,30.0,LH2,-1.165,31.278,2.766,8.275,-1,-1,-1,0,-1,-1,HMSDIS,CODA event rate ~100 Hz
27175,06/17/26,12:20,6.449,30.0,LH2,-1.165,31.278,2.766,8.275,-1,-1,5,-1,-1,-1,HMSDIS,
27176,06/17/26,12:45,6.449,40.0,DUMMY,-1.165,31.278,2.766,8.275,-1,-1,-1,-1,-1,0,PI+SIDIS,
27177,06/17/26,13:16,6.449,40.0,DUMMY,-1.165,31.278,2.766,8.275,-1,-1,-1,-1,-1,0,PI+SIDIS,
27178,06/17/26,13:48,6.449,40.0,DUMMY,-1.165,31.278,2.766,8.275,-1,-1,-1,-1,-1,0,PI+SIDIS,
27179,06/17/26,14:22,6.449,40.0,DUMMY,-1.165,31.278,2.766,8.275,-1,-1,-1,0,-1,-1,HMSDIS,
27180,06/17/26,14:53,6.449,30.0,LH2,-1.165,31.278,2.766,8.275,-1,-1,-1,-1,-1,0,PI+SIDIS,2nd LH2 cycle start
27181,06/17/26,15:24,6.449,30.0,LH2,-1.165,31.278,2.766,8.275,-1,-1,-1,-1,-1,0,PI+SIDIS,
27182,06/17/26,15:56,6.449,30.0,LH2,-1.165,31.278,2.766,8.275,-1,-1,-1,-1,-1,0,PI+SIDIS,
27183,06/17/26,16:29,6.449,30.0,LH2,-1.165,31.278,2.766,8.275,-1,-1,-1,-1,-1,0,PI+SIDIS,* CODA crahsed
27184,06/17/26,17:05,6.449,30.0,LH2,-1.165,31.278,2.766,8.275,-1,-1,-1,-1,-1,0,PI+SIDIS,*
27185,06/17/26,17:37,6.449,30.0,LH2,-1.165,31.278,2.766,8.275,-1,-1,-1,-1,-1,0,PI+SIDIS,*
27186,06/17/26,18:24,6.449,30.0,DUMMY,-1.165,31.278,2.766,8.275,-1,-1,-1,-1,-1,0,PI+SIDIS,*
27187,06/17/26,18:58,6.449,30.0,DUMMY,-1.165,31.278,2.766,8.275,-1,-1,-1,-1,-1,0,PI+SIDIS,* many trips
27188,06/17/26,19:36,6.449,30.0,DUMMY,-1.165,31.278,2.766,8.275,-1,-1,-1,-1,-1,0,PI+SIDIS,*
27189,06/17/26,21:05,6.449,50.0,LH2,-1.165,44.83,5.154,10.24,-1,-1,-1,-1,-1,0,PI+SIDIS,many trips
27190,06/17/26,21:36,6.449,50.0,LH2,-1.165,44.83,5.154,10.24,-1,-1,-1,-1,-1,0,PI+SIDIS,
27191,06/17/26,22:15,6.449,55.0,LH2,-1.165,44.83,5.154,10.24,-1,-1,-1,-1,-1,0,PI+SIDIS,10min 50uA and 20min 55uA run
27192,06/17/26,23:01,6.449,55.0,LH2,-1.165,44.83,5.154,10.24,-1,-1,-1,0,-1,-1,HMSDIS,
27194,06/17/26,23:26,6.449,55.0,LH2,-1.165,44.83,5.154,10.24,-1,-1,3,-1,-1,-1,HMSDIS,
27195,06/18/26,00:01,6.449,40.0,DUMMY,-1.165,44.83,5.154,10.24,-1,-1,-1,-1,-1,0,PI+SIDIS,
27196,06/18/26,00:51,6.449,40.0,DUMMY,-1.165,44.83,5.154,10.24,-1,-1,-1,-1,-1,0,PI+SIDIS,
27197,06/18/26,01:22,6.449,40.0,DUMMY,-1.165,44.83,5.154,10.24,-1,-1,-1,0,-1,-1,HMSDIS,
27198,06/18/26,01:47,6.449,55.0,LH2,-1.165,44.83,5.154,10.24,-1,-1,-1,-1,-1,0,PI+SIDIS,
27199,06/18/26,02:18,6.449,55.0,LH2,-1.165,44.83,5.154,10.24,-1,-1,-1,-1,-1,0,PI+SIDIS,
27200,06/18/26,02:56,6.449,40.0,DUMMY,-1.165,44.83,5.154,10.24,-1,-1,-1,-1,-1,0,PI+SIDIS,
27201,06/18/26,03:41,6.449,60.0,LH2,-1.165,44.83,3.837,10.24,-1,-1,-1,-1,-1,0,PI+SIDIS,
27202,06/18/26,04:21,6.449,65.0,LH2,-1.165,44.83,3.837,10.24,-1,-1,-1,-1,-1,0,PI+SIDIS,
27203,06/18/26,05:02,6.449,70.0,LH2,-1.165,44.83,3.837,10.24,-1,-1,-1,-1,-1,0,PI+SIDIS,
27204,06/18/26,05:36,6.449,70.0,LH2,-1.165,44.83,3.837,10.24,-1,-1,-1,-1,-1,0,PI+SIDIS,
27206,06/18/26,06:28,6.449,70.0,LH2,-1.165,44.83,3.837,10.24,-1,-1,-1,-1,-1,0,PI+SIDIS,
27208,06/18/26,07:44,6.449,70.0,LH2,-1.165,44.83,3.837,10.24,-1,-1,-1,-1,-1,0,PI+SIDIS,
27209,06/18/26,08:19,6.449,70.0,LH2,-1.165,44.83,3.837,10.24,-1,-1,-1,-1,-1,0,PI+SIDIS,
27210,06/18/26,08:51,6.449,70.0,LH2,-1.165,44.83,3.837,10.24,-1,-1,-1,-1,-1,0,PI+SIDIS,
27211,06/18/26,09:22,6.449,70.0,LH2,-1.165,44.83,3.837,10.24,-1,-1,-1,-1,-1,0,PI+SIDIS,
27212,06/18/26,09:54,6.449,70.0,LH2,-1.165,44.83,3.837,10.24,-1,-1,-1,-1,-1,0,PI+SIDIS,
27213,06/18/26,10:26,6.449,70.0,LH2,-1.165,44.83,3.837,10.24,-1,-1,-1,-1,0,-1,PI+SIDIS,
27214,06/18/26,11:00,6.449,70.0,LH2,-1.165,44.83,3.837,10.24,-1,-1,-1,0,-1,-1,HMSDIS,
27215,06/18/26,11:19,6.449,70.0,LH2,-1.165,44.83,3.837,10.24,-1,-1,3,-1,-1,-1,HMSDIS,
27216,06/18/26,11:50,6.449,40.0,DUMMY,-1.165,44.83,3.837,10.24,-1,-1,-1,-1,-1,0,PI+SIDIS,
27217,06/18/26,12:21,6.449,40.0,DUMMY,-1.165,44.83,3.837,10.24,-1,-1,-1,-1,-1,0,PI+SIDIS,
27218,06/18/26,12:53,6.449,40.0,DUMMY,-1.165,44.83,3.837,10.24,-1,-1,-1,-1,-1,0,PI+SIDIS,
27219,06/18/26,13:24,6.449,40.0,DUMMY,-1.165,44.83,3.837,10.24,-1,-1,-1,-1,-1,0,PI+SIDIS,
27220,06/18/26,13:57,6.449,40.0,DUMMY,-1.165,44.83,3.837,10.24,-1,-1,-1,0,-1,-1,HMSDIS,
27221,06/18/26,14:26,6.449,75.0,LH2,-1.165,44.83,3.837,10.24,-1,-1,-1,-1,-1,0,PI+SIDIS,"Tried to increase current to 80, many trips"
27222,06/18/26,15:07,6.449,70.0,LH2,-1.165,44.83,3.837,10.24,-1,-1,-1,-1,-1,0,PI+SIDIS,
27223,06/18/26,15:38,6.449,70.0,LH2,-1.165,44.83,3.837,10.24,-1,-1,-1,-1,-1,0,PI+SIDIS,
27224,06/18/26,16:13,6.449,70.0,LH2,-1.165,44.83,3.837,10.24,-1,-1,-1,-1,-1,0,PI+SIDIS,
27225,06/18/26,16:45,6.449,70.0,LH2,-1.165,44.83,3.837,10.24,-1,-1,-1,-1,-1,0,PI+SIDIS,
27226,06/18/26,17:16,6.449,70.0,LH2,-1.165,44.83,3.837,10.24,-1,-1,-1,-1,-1,0,PI+SIDIS,
27227,06/18/26,17:47,6.449,70.0,LH2,-1.165,44.83,3.837,10.24,-1,-1,-1,-1,-1,0,PI+SIDIS,
27228,06/18/26,18:27,6.449,70.0,LH2,-1.165,44.83,3.837,10.24,-1,-1,-1,-1,-1,0,PI+SIDIS,
27229,06/18/26,18:59,6.449,70.0,LH2,-1.165,44.83,3.837,10.24,-1,-1,-1,-1,-1,0,PI+SIDIS,
27230,06/18/26,19:31,6.449,70.0,LH2,-1.165,44.83,3.837,10.24,-1,-1,-1,-1,-1,0,PI+SIDIS,
27231,06/18/26,20:03,6.449,70.0,LH2,-1.165,44.83,3.837,10.24,-1,-1,-1,-1,-1,0,PI+SIDIS,
27232,06/18/26,20:44,6.449,40.0,DUMMY,-1.165,44.83,3.837,10.24,-1,-1,-1,-1,-1,0,PI+SIDIS,
27233,06/18/26,21:15,6.449,40.0,DUMMY,-1.165,44.83,3.837,10.24,-1,-1,-1,-1,-1,0,PI+SIDIS,
27234,06/18/26,21:46,6.449,40.0,DUMMY,-1.165,44.83,3.837,10.24,-1,-1,-1,-1,-1,0,PI+SIDIS,
27235,06/18/26,22:19,6.449,40.0,DUMMY,-1.165,44.83,3.837,10.24,-1,-1,-1,-1,-1,0,PI+SIDIS,
27236,06/18/26,23:52,6.449,25.0,LD2,-1.165,44.83,2.978,10.24,-1,-1,-1,-1,-1,0,PI+SIDIS,current varied between 20 & 29uA
27237,06/19/26,00:13,6.449,29.0,LD2,-1.165,44.83,2.978,10.24,-1,-1,-1,-1,-1,0,PI+SIDIS,
27238,06/19/26,00:44,6.449,29.0,LD2,-1.165,44.83,2.978,10.24,-1,-1,-1,-1,-1,0,PI+SIDIS,
27239,06/19/26,01:15,6.449,29.0,LD2,-1.165,44.83,2.978,10.24,-1,-1,-1,-1,-1,0,PI+SIDIS,
27240,06/19/26,01:45,6.449,29.0,LD2,-1.165,44.83,2.978,10.24,-1,-1,-1,-1,-1,0,PI+SIDIS,
27241,06/19/26,02:18,6.449,29.0,LD2,-1.165,44.83,2.978,10.24,-1,-1,-1,-1,-1,0,PI+SIDIS,
27242,06/19/26,02:53,6.449,29.0,LD2,-1.165,44.83,2.978,10.24,-1,-1,-1,-1,-1,0,PI+SIDIS,
27243,06/19/26,03:24,6.449,29.0,LD2,-1.165,44.83,2.978,10.24,-1,-1,-1,-1,-1,0,PI+SIDIS,
27244,06/19/26,03:55,6.449,29.0,LD2,-1.165,44.83,2.978,10.24,-1,-1,-1,-1,-1,0,PI+SIDIS,
27245,06/19/26,04:28,6.449,29.0,LD2,-1.165,44.83,2.978,10.24,-1,-1,-1,-1,-1,0,PI+SIDIS,
27246,06/19/26,05:01,6.449,29.0,LD2,-1.165,44.83,2.978,10.24,-1,-1,-1,-1,-1,0,PI+SIDIS,
27247,06/19/26,05:35,6.449,29.0,LD2,-1.165,44.83,2.978,10.24,-1,-1,-1,0,-1,-1,HMSDIS,
27248,06/19/26,05:53,6.449,29.0,LD2,-1.165,44.83,2.978,10.24,-1,-1,4,-1,-1,-1,HMSDIS,
27249,06/19/26,06:39,6.449,60.0,LH2,-1.165,44.83,2.978,10.24,-1,-1,-1,-1,-1,0,PI+SIDIS,
27250,06/19/26,07:11,6.449,60.0,LH2,-1.165,44.83,2.978,10.24,-1,-1,-1,-1,-1,0,PI+SIDIS,
27251,06/19/26,07:43,6.449,60.0,LH2,-1.165,44.83,2.978,10.24,-1,-1,-1,-1,-1,0,PI+SIDIS,
27252,06/19/26,08:15,6.449,60.0,LH2,-1.165,44.83,2.978,10.24,-1,-1,-1,-1,-1,0,PI+SIDIS,
27253,06/19/26,08:50,6.449,60.0,LH2,-1.165,44.83,2.978,10.24,-1,-1,-1,-1,-1,0,PI+SIDIS,
27254,06/19/26,09:24,6.449,60.0,LH2,-1.165,44.83,2.978,10.24,-1,-1,-1,-1,-1,0,PI+SIDIS,
27255,06/19/26,09:57,6.449,60.0,LH2,-1.165,44.83,2.978,10.24,-1,-1,-1,-1,-1,0,PI+SIDIS,
27257,06/19/26,10:37,6.449,60.0,LH2,-1.165,44.83,2.978,10.24,-1,-1,-1,-1,-1,0,PI+SIDIS,
27258,06/19/26,11:11,6.449,60.0,LH2,-1.165,44.83,2.978,10.24,-1,-1,-1,-1,-1,0,PI+SIDIS,
27259,06/19/26,11:44,6.449,60.0,LH2,-1.165,44.83,2.978,10.24,-1,-1,-1,-1,-1,0,PI+SIDIS,
27261,06/19/26,12:18,6.449,60.0,LH2,-1.165,44.83,2.978,10.24,-1,-1,-1,-1,0,-1,PI+SIDIS,
27262,06/19/26,12:55,6.449,60.0,LH2,-1.165,44.83,2.978,10.24,-1,-1,-1,0,-1,-1,HMSDIS,trigger rate ~750Hz with ps4=0
27264,06/19/26,13:20,6.449,60.0,LH2,-1.165,44.83,2.978,10.24,-1,-1,3,-1,-1,-1,HMSDIS,
27265,06/19/26,13:45,6.449,40.0,DUMMY,-1.165,44.83,2.978,10.24,-1,-1,-1,-1,-1,0,PI+SIDIS,
27266,06/19/26,14:35,6.449,40.0,DUMMY,-1.165,44.83,2.978,10.24,-1,-1,-1,-1,-1,0,PI+SIDIS,
27267,06/19/26,15:07,6.449,40.0,DUMMY,-1.165,44.83,2.978,10.24,-1,-1,-1,-1,-1,0,PI+SIDIS,
27269,06/19/26,19:35,6.449,40.0,DUMMY,-1.165,44.83,2.978,10.24,-1,-1,-1,-1,-1,0,PI+SIDIS,
27270,06/19/26,20:07,6.449,40.0,DUMMY,-1.165,44.83,2.978,10.24,-1,-1,-1,0,-1,-1,HMSDIS,
27271,06/19/26,20:56,6.449,48.0,C,-1.165,44.83,2.978,10.24,-1,-1,-1,-1,-1,0,PI+SIDIS,current varied between 50 and 48uA
27272,06/19/26,21:01,6.449,48.0,C,-1.165,44.83,2.978,10.24,-1,-1,-1,-1,-1,0,PI+SIDIS,
27273,06/19/26,21:33,6.449,48.0,C,-1.165,44.83,2.978,10.24,-1,-1,-1,-1,-1,0,PI+SIDIS,
27274,06/19/26,22:03,6.449,48.0,C,-1.165,44.83,2.978,10.24,-1,-1,-1,-1,-1,0,PI+SIDIS,
27275,06/19/26,22:34,6.449,48.0,C,-1.165,44.83,2.978,10.24,-1,-1,-1,-1,-1,0,PI+SIDIS,
27276,06/19/26,23:18,6.449,48.0,C,-1.165,44.83,2.978,10.24,-1,-1,-1,-1,-1,0,PI+SIDIS,
27277,06/19/26,23:50,6.449,48.0,C,-1.165,44.83,2.978,10.24,-1,-1,-1,-1,-1,0,PI+SIDIS,
27278,06/20/26,00:21,6.449,48.0,C,-1.165,44.83,2.978,10.24,-1,-1,-1,-1,-1,0,PI+SIDIS,
27279,06/20/26,00:51,6.449,48.0,C,-1.165,44.83,2.978,10.24,-1,-1,-1,-1,-1,0,PI+SIDIS,
27280,06/20/26,01:22,6.449,48.0,C,-1.165,44.83,2.978,10.24,-1,-1,-1,-1,-1,0,PI+SIDIS,"Beam down, shorter run"
27281,06/20/26,02:21,6.449,48.0,C,-1.165,44.83,2.978,10.24,-1,-1,-1,-1,-1,0,PI+SIDIS,Longer run to cover lost time in the last run
27282,06/20/26,03:06,6.449,48.0,C,-1.165,44.83,2.978,10.24,-1,-1,-1,0,-1,-1,HMSDIS,"short run, needed to reboot coda(not crush)"
27283,06/20/26,03:13,6.449,48.0,C,-1.165,44.83,2.978,10.24,-1,-1,-1,0,-1,-1,HMSDIS,
27284,06/20/26,03:31,6.449,48.0,C,-1.165,44.83,2.978,10.24,-1,-1,4,-1,-1,-1,HMSDIS,
27285,06/20/26,04:28,6.449,48.0,Cu,-1.165,44.83,2.978,10.24,-1,-1,-1,-1,-1,0,PI+SIDIS,
27286,06/20/26,04:59,6.449,48.0,Cu,-1.165,44.83,2.978,10.24,-1,-1,-1,-1,-1,0,PI+SIDIS,
27287,06/20/26,05:30,6.449,48.0,Cu,-1.165,44.83,2.978,10.24,-1,-1,-1,-1,-1,0,PI+SIDIS,
27288,06/20/26,06:00,6.449,48.0,Cu,-1.165,44.83,2.978,10.24,-1,-1,-1,-1,-1,0,PI+SIDIS,short run due to beam down
27289,06/20/26,06:23,6.449,48.0,Cu,-1.165,44.83,2.978,10.24,-1,-1,-1,-1,-1,0,PI+SIDIS,
27290,06/20/26,07:13,6.449,48.0,Cu,-1.165,44.83,2.978,10.24,-1,-1,-1,-1,-1,0,PI+SIDIS,
27291,06/20/26,07:47,6.449,48.0,Cu,-1.165,44.83,2.978,10.24,-1,-1,-1,-1,-1,0,PI+SIDIS,
27292,06/20/26,08:18,6.449,48.0,Cu,-1.165,44.83,2.978,10.24,-1,-1,-1,-1,-1,0,PI+SIDIS,
27293,06/20/26,08:50,6.449,48.0,Cu,-1.165,44.83,2.978,10.24,-1,-1,-1,-1,-1,0,PI+SIDIS,
27294,06/20/26,09:21,6.449,48.0,Cu,-1.165,44.83,2.978,10.24,-1,-1,-1,-1,-1,0,PI+SIDIS,
27295,06/20/26,09:53,6.449,48.0,Cu,-1.165,44.83,2.978,10.24,-1,-1,-1,0,-1,-1,HMSDIS,
27297,06/20/26,10:20,6.449,48.0,Cu,-1.165,44.83,2.978,10.24,-1,-1,4,-1,-1,-1,HMSDIS,
27298,06/20/26,11:03,6.449,48.0,Al,-1.165,44.83,2.978,10.24,-1,-1,-1,0,-1,-1,HMSDIS,
27299,06/20/26,11:36,6.449,48.0,Al,-1.165,44.83,2.978,10.24,-1,-1,1,-1,-1,-1,HMSDIS,
27300,06/20/26,12:31,6.449,29.0,LD2,-1.165,44.83,2.978,10.24,-1,-1,-1,-1,-1,0,PI+SIDIS,
27301,06/20/26,13:03,6.449,29.0,LD2,-1.165,44.83,2.978,10.24,-1,-1,-1,-1,-1,0,PI+SIDIS,
27302,06/20/26,13:34,6.449,29.0,LD2,-1.165,44.83,2.978,10.24,-1,-1,-1,-1,-1,0,PI+SIDIS,
27303,06/20/26,14:08,6.449,29.0,LD2,-1.165,44.83,2.978,10.24,-1,-1,-1,-1,-1,0,PI+SIDIS,
27304,06/20/26,14:39,6.449,29.0,LD2,-1.165,44.83,2.978,10.24,-1,-1,-1,-1,-1,0,PI+SIDIS,
27305,06/20/26,15:10,6.449,29.0,LD2,-1.165,44.83,2.978,10.24,-1,-1,-1,-1,-1,0,PI+SIDIS,
27306,06/20/26,15:41,6.449,29.0,LD2,-1.165,44.83,2.978,10.24,-1,-1,-1,-1,-1,0,PI+SIDIS,
27307,06/20/26,16:28,6.449,29.0,LD2,-1.165,44.83,2.978,10.24,-1,-1,-1,-1,-1,0,PI+SIDIS,
27308,06/20/26,16:59,6.449,29.0,LD2,-1.165,44.83,2.978,10.24,-1,-1,-1,-1,-1,0,PI+SIDIS,
27309,06/20/26,17:31,6.449,29.0,LD2,-1.165,44.83,2.978,10.24,-1,-1,-1,-1,-1,0,PI+SIDIS,
27310,06/20/26,19:08,6.449,56.0,LH2,-1.165,44.83,2.978,10.24,-1,-1,-1,-1,-1,0,PI+SIDIS,
27311,06/20/26,19:42,6.449,56.0,LH2,-1.165,44.83,2.978,10.24,-1,-1,-1,-1,-1,0,PI+SIDIS,
27312,06/20/26,20:13,6.449,56.0,LH2,-1.165,44.83,2.978,10.24,-1,-1,-1,-1,-1,0,PI+SIDIS,
27313,06/20/26,20:47,6.449,56.0,LH2,-1.165,44.83,2.978,10.24,-1,-1,-1,-1,-1,0,PI+SIDIS,
27314,06/20/26,21:18,6.449,56.0,LH2,-1.165,44.83,2.978,10.24,-1,-1,-1,-1,-1,0,PI+SIDIS,
27315,06/20/26,21:50,6.449,56.0,LH2,-1.165,44.83,2.978,10.24,-1,-1,-1,-1,-1,0,PI+SIDIS,
27316,06/20/26,22:21,6.449,56.0,LH2,-1.165,44.83,2.978,10.24,-1,-1,-1,-1,-1,0,PI+SIDIS,
27317,06/20/26,22:53,6.449,56.0,LH2,-1.165,44.83,2.978,10.24,-1,-1,-1,-1,-1,0,PI+SIDIS,
27318,06/20/26,23:38,6.449,56.0,LH2,-1.165,44.83,2.978,10.24,-1,-1,-1,-1,-1,0,PI+SIDIS,
27319,06/21/26,00:10,6.449,56.0,LH2,-1.165,44.83,2.978,10.24,-1,-1,-1,-1,-1,0,PI+SIDIS,
27320,06/21/26,00:53,6.449,40.0,DUMMY,-1.165,44.83,2.978,10.24,-1,-1,-1,-1,-1,0,PI+SIDIS,
27321,06/21/26,01:26,6.449,40.0,DUMMY,-1.165,44.83,2.978,10.24,-1,-1,-1,-1,-1,0,PI+SIDIS,
27322,06/21/26,01:57,6.449,40.0,DUMMY,-1.165,44.83,2.978,10.24,-1,-1,-1,-1,-1,0,PI+SIDIS,
27323,06/21/26,02:32,6.449,40.0,DUMMY,-1.165,44.83,2.978,10.24,-1,-1,-1,-1,-1,0,PI+SIDIS,
27324,06/21/26,03:11,6.449,48.0,C,-1.165,44.83,2.978,10.24,-1,-1,-1,-1,-1,0,PI+SIDIS,
27326,06/21/26,03:45,6.449,48.0,C,-1.165,44.83,2.978,10.24,-1,-1,-1,-1,-1,0,PI+SIDIS,
27327,06/21/26,04:16,6.449,48.0,C,-1.165,44.83,2.978,10.24,-1,-1,-1,-1,-1,0,PI+SIDIS,
27328,06/21/26,04:47,6.449,48.0,C,-1.165,44.83,2.978,10.24,-1,-1,-1,-1,-1,0,PI+SIDIS,
27329,06/21/26,05:17,6.449,48.0,C,-1.165,44.83,2.978,10.24,-1,-1,-1,-1,-1,0,PI+SIDIS,
27330,06/21/26,05:48,6.449,48.0,C,-1.165,44.83,2.978,10.24,-1,-1,-1,-1,-1,0,PI+SIDIS,
27331,06/21/26,06:18,6.449,48.0,C,-1.165,44.83,2.978,10.24,-1,-1,-1,-1,-1,0,PI+SIDIS,"Beam down, 20min run"
27332,06/21/26,06:55,6.449,48.0,C,-1.165,44.83,2.978,10.24,-1,-1,-1,-1,-1,0,PI+SIDIS,Ran 10 extra minutes to compensate beam trips
27333,06/21/26,07:36,6.449,48.0,C,-1.165,44.83,2.978,10.24,-1,-1,-1,-1,-1,0,PI+SIDIS,
27334,06/21/26,08:06,6.449,48.0,C,-1.165,44.83,2.978,10.24,-1,-1,-1,-1,-1,0,PI+SIDIS,
27335,06/21/26,08:59,6.449,48.0,Cu,-1.165,44.83,2.978,10.24,-1,-1,-1,-1,-1,0,PI+SIDIS,
27336,06/21/26,09:31,6.449,48.0,Cu,-1.165,44.83,2.978,10.24,-1,-1,-1,-1,-1,0,PI+SIDIS,
27337,06/21/26,10:02,6.449,48.0,Cu,-1.165,44.83,2.978,10.24,-1,-1,-1,-1,-1,0,PI+SIDIS,
27338,06/21/26,10:33,6.449,48.0,Cu,-1.165,44.83,2.978,10.24,-1,-1,-1,-1,-1,0,PI+SIDIS,
27339,06/21/26,11:04,6.449,48.0,Cu,-1.165,44.83,2.978,10.24,-1,-1,-1,-1,-1,0,PI+SIDIS,
27340,06/21/26,11:35,6.449,48.0,Cu,-1.165,44.83,2.978,10.24,-1,-1,-1,-1,-1,0,PI+SIDIS,
27341,06/21/26,12:05,6.449,48.0,Cu,-1.165,44.83,2.978,10.24,-1,-1,-1,-1,-1,0,PI+SIDIS,
27342,06/21/26,12:37,6.449,48.0,Cu,-1.165,44.83,2.978,10.24,-1,-1,-1,-1,-1,0,PI+SIDIS,"Beam trip since 12:50, stop run <= 30 minutes"
27343,06/21/26,13:36,6.449,48.0,Cu,-1.165,44.83,2.978,10.24,-1,-1,-1,-1,-1,0,PI+SIDIS,
27344,06/21/26,14:07,6.449,48.0,Cu,-1.165,44.83,2.978,10.24,-1,-1,-1,-1,-1,0,PI+SIDIS,
27345,06/21/26,14:39,6.449,48.0,Cu,-1.165,44.83,2.978,10.24,-1,-1,-1,-1,-1,0,PI+SIDIS,
27347,06/21/26,15:14,6.449,48.0,Cu,-1.165,44.83,2.978,10.24,-1,-1,-1,-1,-1,0,PI+SIDIS,
27348,06/21/26,15:45,6.449,48.0,Cu,-1.165,44.83,2.978,10.24,-1,-1,-1,-1,-1,0,PI+SIDIS,
27349,06/21/26,16:20,6.449,48.0,Cu,-1.165,44.83,2.978,10.24,-1,-1,-1,-1,-1,0,PI+SIDIS,
27350,06/21/26,17:00,6.449,48.0,Cu,-1.165,44.83,2.978,10.24,-1,-1,-1,-1,-1,0,PI+SIDIS,
27352,06/21/26,21:12,6.449,70.0,LH2,-5.39,14.005,3.61,27.75,-1,-1,-1,5,-1,-1,HMSHEE,
27355,06/21/26,22:15,6.449,36.0,DUMMY,-5.39,14.005,3.61,27.75,-1,-1,-1,1,-1,-1,HMSHEE,
27356,06/21/26,22:57,6.449,57.0,LD2,-5.39,14.005,3.61,27.75,-1,-1,-1,5,-1,-1,HMSHEE,
27357,06/21/26,00:21,6.449,70.0,LH2,-3.7,14.005,3.61,27.72,-1,-1,-1,-1,-1,0,HEEP,"Beam down, short run"
27358,06/22/26,12:43,6.449,70.0,LH2,-1.165,44.83,-3.837,10.24,-1,-1,-1,-1,-1,0,PI-SIDIS,
27361,06/22/26,14:04,6.449,70.0,LH2,-1.165,44.83,-3.837,10.24,-1,-1,-1,-1,-1,0,PI-SIDIS,
27362,06/22/26,14:38,6.449,70.0,LH2,-1.165,44.83,-3.837,10.24,-1,-1,-1,-1,-1,0,PI-SIDIS,
27363,06/22/26,15:09,6.449,70.0,LH2,-1.165,44.83,-3.837,10.24,-1,-1,-1,-1,-1,0,PI-SIDIS,
27364,06/22/26,15:41,6.449,70.0,LH2,-1.165,44.83,-3.837,10.24,-1,-1,-1,-1,-1,0,PI-SIDIS,
27365,06/22/26,16:16,6.449,70.0,LH2,-1.165,44.83,-3.837,10.24,-1,-1,-1,-1,-1,0,PI-SIDIS,
27366,06/22/26,16:48,6.449,70.0,LH2,-1.165,44.83,-3.837,10.24,-1,-1,-1,-1,-1,0,PI-SIDIS,
27367,06/22/26,17:19,6.449,70.0,LH2,-1.165,44.83,-3.837,10.24,-1,-1,-1,-1,-1,0,PI-SIDIS,
27368,06/22/26,17:52,6.449,70.0,LH2,-1.165,44.83,-3.837,10.24,-1,-1,-1,-1,-1,0,PI-SIDIS,
27369,06/22/26,18:23,6.449,70.0,LH2,-1.165,44.83,-3.837,10.24,-1,-1,-1,-1,-1,0,PI-SIDIS,
27370,06/22/26,18:55,6.449,70.0,LH2,-1.165,44.83,-3.837,10.24,-1,-1,-1,-1,0,-1,PI-SIDIS,
27372,06/22/26,19:35,6.449,70.0,LH2,-1.165,44.83,-3.837,10.24,-1,-1,-1,0,-1,-1,HMSDIS,
27373,06/22/26,19:54,6.449,70.0,LH2,-1.165,44.83,-3.837,10.24,-1,-1,3,-1,-1,-1,HMSDIS,
27375,06/22/26,20:22,6.449,40.0,DUMMY,-1.165,44.83,-3.837,10.24,-1,-1,-1,-1,-1,0,PI-SIDIS,
27376,06/22/26,20:55,6.449,40.0,DUMMY,-1.165,44.83,-3.837,10.24,-1,-1,-1,-1,-1,0,PI-SIDIS,
27377,06/22/26,21:34,6.449,40.0,DUMMY,-1.165,44.83,-3.837,10.24,-1,-1,-1,-1,-1,0,PI-SIDIS,
27378,06/22/26,22:08,6.449,40.0,DUMMY,-1.165,44.83,-3.837,10.24,-1,-1,-1,-1,-1,0,PI-SIDIS,
27379,06/22/26,22:43,6.449,40.0,DUMMY,-1.165,44.83,-3.837,10.24,-1,-1,-1,0,-1,-1,HMSDIS,
27381,06/22/26,23:11,6.449,70.0,LH2,-1.165,44.83,-3.837,10.24,-1,-1,-1,-1,-1,0,PI-SIDIS,
27382,06/22/26,23:43,6.449,70.0,LH2,-1.165,44.83,-3.837,10.24,-1,-1,-1,-1,-1,0,PI-SIDIS,
27383,06/23/26,00:15,6.449,70.0,LH2,-1.165,44.83,-3.837,10.24,-1,-1,-1,-1,-1,0,PI-SIDIS,
27384,06/23/26,00:48,6.449,70.0,LH2,-1.165,44.83,-3.837,10.24,-1,-1,-1,-1,-1,0,PI-SIDIS,
27385,06/23/26,01:20,6.449,70.0,LH2,-1.165,44.83,-3.837,10.24,-1,-1,-1,-1,-1,0,PI-SIDIS,
27386,06/23/26,04:54,6.449,70.0,LH2,-1.165,44.83,-3.837,10.24,-1,-1,-1,-1,-1,0,PI-SIDIS,
27387,06/23/26,05:25,6.449,70.0,LH2,-1.165,44.83,-3.837,10.24,-1,-1,-1,-1,-1,0,PI-SIDIS,
27388,06/23/26,05:57,6.449,70.0,LH2,-1.165,44.83,-3.837,10.24,-1,-1,-1,-1,-1,0,PI-SIDIS,
27389,06/23/26,06:30,6.449,70.0,LH2,-1.165,44.83,-3.837,10.24,-1,-1,-1,-1,-1,0,PI-SIDIS,
27390,06/23/26,07:00,6.449,70.0,LH2,-1.165,44.83,-3.837,10.24,-1,-1,-1,-1,-1,0,PI-SIDIS,
27391,06/23/26,07:30,6.449,70.0,LH2,-1.165,44.83,-3.837,10.24,-1,-1,-1,-1,-1,0,PI-SIDIS,
27392,06/23/26,08:10,6.449,40.0,DUMMY,-1.165,44.83,-3.837,10.24,-1,-1,-1,-1,-1,0,PI-SIDIS,
27393,06/23/26,08:46,6.449,40.0,DUMMY,-1.165,44.83,-3.837,10.24,-1,-1,-1,-1,-1,0,PI-SIDIS,
27394,06/23/26,09:16,6.449,40.0,DUMMY,-1.165,44.83,-3.837,10.24,-1,-1,-1,-1,-1,0,PI-SIDIS,
27395,06/23/26,09:55,6.449,40.0,DUMMY,-1.165,44.83,-3.837,10.24,-1,-1,-1,-1,-1,0,PI-SIDIS,
27396,06/23/26,10:36,6.449,40.0,DUMMY,-1.165,44.83,-3.837,10.24,-1,-1,-1,-1,-1,0,PI-SIDIS,
27397,06/23/26,11:08,6.449,40.0,DUMMY,-1.165,44.83,-3.837,10.24,-1,-1,-1,-1,-1,0,PI-SIDIS,
27399,06/23/26,12:31,6.449,28.0,LD2,-1.165,44.83,-2.987,10.24,-1,-1,-1,-1,-1,0,PI-SIDIS,SHMS momentum WRONG! -2.987 instead of -2.978
27400,06/23/26,13:10,6.449,28.0,LD2,-1.165,44.83,-2.987,10.24,-1,-1,-1,-1,-1,0,PI-SIDIS,SHMS momentum WRONG! -2.987 instead of -2.978
27401,06/23/26,13:41,6.449,28.0,LD2,-1.165,44.83,-2.987,10.24,-1,-1,-1,-1,-1,0,PI-SIDIS,SHMS momentum WRONG! -2.987 instead of -2.978
27402,06/23/26,14:16,6.449,28.0,LD2,-1.165,44.83,-2.987,10.24,-1,-1,-1,-1,-1,0,PI-SIDIS,SHMS momentum WRONG! -2.987 instead of -2.978
27403,06/23/26,15:00,6.449,28.0,LD2,-1.165,44.83,-2.978,10.24,-1,-1,-1,-1,-1,0,PI-SIDIS,CORRECTED SHMS momentum. Very short run!
27406,06/25/26,04:03,6.449,28.0,LD2,-1.165,44.83,-2.978,10.245,-1,-1,-1,-1,-1,0,PI-SIDIS,
27407,06/25/26,04:34,6.449,28.0,LD2,-1.165,44.83,-2.978,10.245,-1,-1,-1,-1,-1,0,PI-SIDIS,
27408,06/25/26,05:04,6.449,28.0,LD2,-1.165,44.83,-2.978,10.245,-1,-1,-1,-1,-1,0,PI-SIDIS,
27409,06/25/26,05:35,6.449,28.0,LD2,-1.165,44.83,-2.978,10.245,-1,-1,-1,-1,-1,0,PI-SIDIS,
27410,06/25/26,06:06,6.449,28.0,LD2,-1.165,44.83,-2.978,10.245,-1,-1,-1,-1,-1,0,PI-SIDIS,
27411,06/25/26,06:36,6.449,28.0,LD2,-1.165,44.83,-2.978,10.245,-1,-1,-1,-1,-1,0,PI-SIDIS,
27412,06/25/26,07:07,6.449,28.0,LD2,-1.165,44.83,-2.978,10.245,-1,-1,-1,-1,-1,0,PI-SIDIS,
27413,06/25/26,07:37,6.449,28.0,LD2,-1.165,44.83,-2.978,10.245,-1,-1,-1,-1,-1,0,PI-SIDIS,
27414,06/25/26,08:09,6.449,28.0,LD2,-1.165,44.83,-2.978,10.245,-1,-1,-1,-1,-1,0,PI-SIDIS,
27415,06/25/26,08:40,6.449,28.0,LD2,-1.165,44.83,-2.978,10.245,-1,-1,-1,0,-1,-1,HMSDIS,
27417,06/25/26,09:42,6.449,28.0,LD2,-1.165,44.83,-2.978,10.245,-1,-1,4,-1,-1,-1,HMSDIS,
27418,06/25/26,10:25,6.449,56.0,LH2,-1.165,44.83,-2.978,10.245,-1,-1,-1,-1,-1,0,PI-SIDIS,
27419,06/25/26,10:58,6.449,56.0,LH2,-1.165,44.83,-2.978,10.245,-1,-1,-1,-1,-1,0,PI-SIDIS,No beam last few minutes
27420,06/25/26,11:26,6.449,56.0,LH2,-1.165,44.83,-2.978,10.245,-1,-1,-1,-1,-1,0,PI-SIDIS,
27421,06/25/26,11:57,6.449,60.0,LH2,-1.165,44.83,-2.978,10.245,-1,-1,-1,-1,-1,0,PI-SIDIS,
27423,06/25/26,12:31,6.449,61.0,LH2,-1.165,44.83,-2.978,10.245,-1,-1,-1,-1,-1,0,PI-SIDIS,
27424,06/25/26,13:01,6.449,61.0,LH2,-1.165,44.83,-2.978,10.245,-1,-1,-1,-1,-1,0,PI-SIDIS,Lotta beam trips so we let the run go along to account for it (7 minutes)
27425,06/25/26,13:39,6.449,61.0,LH2,-1.165,44.83,-2.978,10.245,-1,-1,-1,-1,-1,0,PI-SIDIS,Didn't get the exact event count
27426,06/25/26,14:10,6.449,61.0,LH2,-1.165,44.83,-2.978,10.245,-1,-1,-1,-1,-1,0,PI-SIDIS,
27427,06/25/26,14:45,6.449,61.0,LH2,-1.165,44.83,-2.978,10.245,-1,-1,-1,-1,-1,0,PI-SIDIS,
27428,06/25/26,15:17,6.449,61.0,LH2,-1.165,44.83,-2.978,10.245,-1,-1,-1,-1,-1,0,PI-SIDIS,
27429,06/25/26,15:48,6.449,61.0,LH2,-1.165,44.83,-2.978,10.245,-1,-1,-1,-1,-1,0,PI-SIDIS,Trigger efficiency check run
27430,06/25/26,16:22,6.449,61.0,LH2,-1.165,44.83,-2.978,10.245,-1,-1,-1,0,-1,-1,HMSDIS,HMSDIS ELREAL not SHMS
27431,06/25/26,16:42,6.449,61.0,LH2,-1.165,44.83,-2.978,10.245,-1,-1,3,-1,-1,-1,HMSDIS,
27432,06/25/26,17:11,6.449,40.0,DUMMY,-1.165,44.83,-2.978,10.245,-1,-1,-1,-1,-1,0,PI-SIDIS,
27433,06/25/26,17:46,6.449,40.0,DUMMY,-1.165,44.83,-2.978,10.245,-1,-1,-1,-1,-1,0,PI-SIDIS,
27435,06/25/26,19:13,6.449,40.0,DUMMY,-1.165,44.83,-2.978,10.245,-1,-1,-1,-1,-1,0,PI-SIDIS,
27436,06/25/26,21:24,6.449,40.0,DUMMY,-1.165,44.83,-2.978,10.245,-1,-1,-1,-1,-1,0,PI-SIDIS,
27437,06/25/26,21:59,6.449,40.0,DUMMY,-1.165,44.83,-2.978,10.245,-1,-1,-1,-1,-1,0,PI-SIDIS,
27438,06/25/26,22:43,6.449,40.0,DUMMY,-1.165,44.83,-2.978,10.245,-1,-1,-1,0,-1,-1,HMSDIS,
27439,06/25/26,23:18,6.449,28.0,LD2,-1.165,44.83,-2.978,10.245,-1,-1,-1,-1,-1,0,PI-SIDIS,"tried 70uA before the run, need to check the target boiling?"
27440,06/25/26,23:48,6.449,28.0,LD2,-1.165,44.83,-2.978,10.245,-1,-1,-1,-1,-1,0,PI-SIDIS,
27442,06/26/26,19:37,6.449,21.0,LH2,-1.165,26.6,-2.738,7.5,-1,-1,-1,-1,-1,0,PI-SIDIS,
27443,06/26/26,20:08,6.449,21.0,LH2,-1.165,26.6,-2.738,7.5,-1,-1,-1,-1,-1,0,PI-SIDIS,
27444,06/26/26,20:39,6.449,21.0,LH2,-1.165,26.6,-2.738,7.5,-1,-1,-1,-1,-1,0,PI-SIDIS,Beam energy and position fluctuate around 20:50-21:00
27445,06/26/26,21:12,6.449,21.0,LH2,-1.165,26.6,-2.738,7.5,-1,-1,-1,-1,-1,0,PI-SIDIS,
27446,06/26/26,21:43,6.449,21.0,LH2,-1.165,26.6,-2.738,7.5,-1,-1,-1,-1,-1,0,PI-SIDIS,
27447,06/26/26,22:13,6.449,21.0,LH2,-1.165,26.6,-2.738,7.5,-1,-1,-1,-1,-1,0,PI-SIDIS,
27448,06/26/26,22:44,6.449,21.0,LH2,-1.165,26.6,-2.738,7.5,-1,-1,-1,-1,-1,0,PI-SIDIS,
27449,06/26/26,23:15,6.449,21.0,LH2,-1.165,26.6,-2.738,7.5,-1,-1,-1,-1,-1,0,PI-SIDIS,
27451,06/26/26,23:51,6.449,21.0,LH2,-1.165,26.6,-2.738,7.5,-1,-1,-1,-1,0,-1,PI-SIDIS,trigger efficiency check
27452,06/27/26,00:24,6.449,21.0,LH2,-1.165,26.6,-2.738,7.5,-1,-1,-1,1,-1,-1,HMSDIS,
27453,06/27/26,00:44,6.449,21.0,LH2,-1.165,26.6,-2.738,7.5,-1,-1,6,-1,-1,-1,HMSDIS,
27454,06/27/26,01:25,6.449,50.0,DUMMY,-1.165,26.6,-2.738,7.5,-1,-1,-1,-1,-1,0,PI-SIDIS,
27455,06/27/26,01:57,6.449,50.0,DUMMY,-1.165,26.6,-2.738,7.5,-1,-1,-1,-1,-1,0,PI-SIDIS,
27456,06/27/26,02:28,6.449,50.0,DUMMY,-1.165,26.6,-2.738,7.5,-1,-1,-1,-1,-1,0,PI-SIDIS,
27457,06/27/26,02:59,6.449,50.0,DUMMY,-1.165,26.6,-2.738,7.5,-1,-1,-1,1,-1,-1,HMSDIS,
27458,06/27/26,03:32,6.449,21.0,LH2,-1.165,26.6,-2.738,7.5,-1,-1,-1,-1,-1,0,PI-SIDIS,
27459,06/27/26,04:03,6.449,21.0,LH2,-1.165,26.6,-2.738,7.5,-1,-1,-1,-1,-1,0,PI-SIDIS,
27460,06/27/26,04:24,6.449,21.0,LH2,-1.165,26.6,-2.738,7.5,-1,-1,-1,-1,-1,0,PI-SIDIS,
27461,06/27/26,04:55,6.449,21.0,LH2,-1.165,26.6,-2.738,7.5,-1,-1,-1,-1,-1,0,PI-SIDIS,
27462,06/27/26,05:26,6.449,21.0,LH2,-1.165,26.6,-2.738,7.5,-1,-1,-1,-1,-1,0,PI-SIDIS,
27463,06/27/26,05:58,6.449,21.0,LH2,-1.165,26.6,-2.738,7.5,-1,-1,-1,-1,-1,0,PI-SIDIS,
27464,06/27/26,06:29,6.449,21.0,LH2,-1.165,26.6,-2.738,7.5,-1,-1,-1,-1,-1,0,PI-SIDIS,
27465,06/27/26,07:00,6.449,21.0,LH2,-1.165,26.6,-2.738,7.5,-1,-1,-1,-1,-1,0,PI-SIDIS,
27466,06/27/26,07:32,6.449,21.0,LH2,-1.165,26.6,-2.738,7.5,-1,-1,-1,-1,-1,0,PI-SIDIS,
27467,06/27/26,08:46,6.449,70.0,LH2,-1.165,26.6,4.929,7.5,-1,-1,-1,-1,-1,0,PI+SIDIS,
27468,06/27/26,09:18,6.449,68.0,LH2,-1.165,26.6,4.929,7.5,-1,-1,-1,-1,-1,0,PI+SIDIS,"Run started at 60uA, adjusted current to 68 based on trigger rate"
27469,06/27/26,09:50,6.449,68.0,LH2,-1.165,26.6,4.929,7.5,-1,-1,-1,3,-1,-1,HMSDIS,
27470,06/27/26,10:07,6.449,68.0,LH2,-1.165,26.6,4.929,7.5,-1,-1,7,-1,-1,-1,HMSDIS,
27471,06/27/26,10:50,6.449,50.0,DUMMY,-1.165,26.6,4.929,7.5,-1,-1,-1,-1,-1,0,PI+SIDIS,
27472,06/27/26,11:26,6.449,50.0,DUMMY,-1.165,26.6,4.929,7.5,-1,-1,-1,3,-1,-1,HMSDIS,
27473,06/27/26,11:55,6.449,25.0,LH2,-1.165,26.6,2.738,7.5,-1,-1,-1,-1,-1,0,PI+SIDIS,
27474,06/27/26,12:27,6.449,25.0,LH2,-1.165,26.6,2.738,7.5,-1,-1,-1,-1,-1,0,PI+SIDIS,
27475,06/27/26,13:00,6.449,25.0,LH2,-1.165,26.6,2.738,7.5,-1,-1,-1,-1,-1,0,PI+SIDIS,
27476,06/27/26,13:31,6.449,25.0,LH2,-1.165,26.6,2.738,7.5,-1,-1,-1,-1,-1,0,PI+SIDIS,
27477,06/27/26,14:02,6.449,25.0,LH2,-1.165,26.6,2.738,7.5,-1,-1,-1,-1,-1,0,PI+SIDIS,
27478,06/27/26,14:33,6.449,25.0,LH2,-1.165,26.6,2.738,7.5,-1,-1,-1,-1,-1,0,PI+SIDIS,
27479,06/27/26,15:03,6.449,25.0,LH2,-1.165,26.6,2.738,7.5,-1,-1,-1,-1,-1,0,PI+SIDIS,
27480,06/27/26,15:38,6.449,25.0,LH2,-1.165,26.6,2.738,7.5,-1,-1,-1,-1,-1,0,PI+SIDIS,
27481,06/27/26,16:10,6.449,25.0,LH2,-1.165,26.6,2.738,7.5,-1,-1,-1,-1,0,-1,PI+SIDIS,
27482,06/27/26,16:41,6.449,25.0,LH2,-1.165,26.6,2.738,7.5,-1,-1,-1,-1,-1,0,PI+SIDIS,
27483,06/27/26,17:12,6.449,25.0,LH2,-1.165,26.6,2.738,7.5,-1,-1,-1,-1,-1,0,PI+SIDIS,
27484,06/27/26,17:48,6.449,25.0,LH2,-1.165,26.6,2.738,7.5,-1,-1,-1,3,-1,-1,HMSDIS,
27485,06/27/26,18:08,6.449,25.0,LH2,-1.165,26.6,2.738,7.5,-1,-1,8,-1,-1,-1,HMSDIS,
27486,06/27/26,18:38,6.449,50.0,DUMMY,-1.165,26.6,2.738,7.5,-1,-1,-1,-1,-1,0,PI+SIDIS,
27487,06/27/26,19:09,6.449,50.0,DUMMY,-1.165,26.6,2.738,7.5,-1,-1,-1,-1,-1,0,PI+SIDIS,
27488,06/27/26,19:40,6.449,50.0,DUMMY,-1.165,26.6,2.738,7.5,-1,-1,-1,3,-1,-1,HMSDIS,
27489,06/27/26,19:40,6.449,50.0,DUMMY,-1.165,26.6,2.738,7.5,-1,-1,-1,3,-1,-1,JUNK,
27490,06/27/26,21:03,6.449,70.0,LH2,1.165,26.6,4.929,7.5,-1,-1,-1,-1,-1,0,PI+SIDIS,
27491,06/27/26,21:19,6.449,70.0,LH2,1.165,26.6,4.929,7.5,-1,-1,-1,3,-1,-1,HMSDIS,
27492,06/27/26,21:38,6.449,70.0,LH2,1.165,26.6,4.929,7.5,-1,-1,-1,-1,-1,0,PI+SIDIS,
27493,06/27/26,22:11,6.449,50.0,DUMMY,1.165,26.6,4.929,7.5,-1,-1,-1,-1,-1,0,PI+SIDIS,
27494,06/27/26,22:27,6.449,50.0,DUMMY,1.165,26.6,4.929,7.5,-1,-1,-1,3,-1,-1,HMSDIS,
27495,06/27/26,22:55,6.449,25.0,DUMMY,1.165,26.6,2.738,7.5,-1,-1,-1,-1,-1,0,PI+SIDIS,
27496,06/27/26,23:37,6.449,25.0,LH2,1.165,26.6,2.738,7.5,-1,-1,-1,-1,-1,0,PI+SIDIS,
27497,06/28/26,00:13,6.449,25.0,LH2,1.165,26.6,2.738,7.5,-1,-1,-1,-1,-1,0,PI+SIDIS,
27498,06/28/26,00:47,6.449,25.0,LH2,1.165,26.6,2.738,7.5,-1,-1,-1,3,-1,-1,HMSDIS,
27499,06/28/26,01:05,6.449,25.0,LH2,1.165,26.6,2.738,7.5,-1,-1,-1,3,-1,-1,HMSDIS,
27500,06/28/26,01:59,6.449,21.0,LH2,1.165,26.6,-2.738,7.5,-1,-1,-1,-1,-1,0,PI-SIDIS,
27501,06/28/26,02:33,6.449,21.0,LH2,1.165,26.6,-2.738,7.5,-1,-1,-1,-1,-1,0,PI-SIDIS,
27502,06/28/26,03:11,6.449,50.0,DUMMY,1.165,26.6,-2.738,7.5,-1,-1,-1,-1,-1,0,PI-SIDIS,
27504,06/28/26,04:22,6.449,45.0,DUMMY,1.165,31.29,-2.766,8.28,-1,-1,-1,-1,-1,0,PI-SIDIS,
27505,06/28/26,05:05,6.449,27.0,LH2,1.165,31.29,-2.766,8.28,-1,-1,-1,-1,-1,0,PI-SIDIS,
27506,06/28/26,05:37,6.449,27.0,LH2,1.165,31.29,-2.766,8.28,-1,-1,-1,-1,-1,0,PI-SIDIS,
27507,06/28/26,06:44,6.449,60.0,LH2,1.165,31.29,4.978,8.28,-1,-1,-1,-1,-1,0,PI+SIDIS,
27508,06/28/26,07:05,6.449,60.0,LH2,1.165,31.29,4.978,8.28,-1,-1,-1,3,-1,-1,HMSDIS,
27509,06/28/26,07:24,6.449,60.0,LH2,1.165,31.29,4.978,8.28,-1,-1,-1,3,-1,-1,HMSDIS,
27510,06/28/26,07:47,6.449,50.0,DUMMY,1.165,31.29,4.978,8.28,-1,-1,-1,-1,-1,0,PI+SIDIS,
27511,06/28/26,08:05,6.449,50.0,DUMMY,1.165,31.29,4.978,8.28,-1,-1,-1,0,-1,-1,HMSDIS,
27512,06/28/26,08:21,6.449,50.0,DUMMY,1.165,31.29,4.978,8.28,-1,-1,-1,0,-1,-1,HMSDIS,
27513,06/28/26,08:53,6.449,50.0,DUMMY,1.165,31.29,2.766,8.28,-1,-1,-1,-1,-1,0,PI+SIDIS,
27514,06/28/26,09:30,6.449,30.0,LH2,1.165,31.29,2.766,8.28,-1,-1,-1,-1,-1,0,PI+SIDIS,
27515,06/28/26,10:01,6.449,30.0,LH2,1.165,31.29,2.766,8.28,-1,-1,-1,-1,-1,0,PI+SIDIS,
27516,06/28/26,10:59,6.449,70.0,LH2,1.165,37.33,5.051,9.225,-1,-1,-1,-1,-1,0,PI+SIDIS,
27517,06/28/26,11:18,6.449,70.0,LH2,1.165,37.33,5.051,9.225,-1,-1,-1,1,-1,-1,HMSDIS,
27518,06/28/26,11:34,6.449,70.0,LH2,1.165,37.33,5.051,9.225,-1,-1,-1,1,-1,-1,HMSDIS,
27519,06/28/26,12:03,6.449,50.0,DUMMY,1.165,37.33,5.051,9.225,-1,-1,-1,-1,-1,0,PI+SIDIS,doesn't look like a good run!
27521,06/28/26,12:25,6.449,50.0,DUMMY,1.165,37.33,5.051,9.225,-1,-1,-1,0,-1,-1,HMSDIS,
27522,06/28/26,12:41,6.449,50.0,DUMMY,1.165,37.33,5.051,9.225,-1,-1,-1,0,-1,-1,HMSDIS,short run. long beam trip
27523,06/28/26,12:53,6.449,50.0,DUMMY,1.165,37.33,5.051,9.225,-1,-1,-1,0,-1,-1,HMSDIS,
27530,06/28/26,13:55,6.449,70.0,LD2,1.165,37.33,5.051,9.225,-1,-1,-1,-1,-1,0,PI+SIDIS,
27532,06/28/26,14:23,6.449,70.0,LD2,1.165,37.33,5.051,9.225,-1,-1,-1,2,-1,-1,HMSDIS,
27533,06/28/26,14:38,6.449,70.0,LD2,1.165,37.33,5.051,9.225,-1,-1,-1,2,-1,-1,HMSDIS,
27536,06/28/26,15:15,6.449,18.0,LD2,1.165,37.33,2.806,9.225,-1,-1,-1,-1,-1,0,PI+SIDIS,
27537,06/28/26,17:20,6.449,18.0,LD2,1.165,37.33,2.806,9.225,-1,-1,-1,-1,-1,0,PI+SIDIS,
27538,06/28/26,18:03,6.449,36.0,LH2,1.165,37.33,2.806,9.225,-1,-1,-1,-1,-1,0,PI+SIDIS,
27539,06/28/26,18:34,6.449,36.0,LH2,1.165,37.33,2.806,9.225,-1,-1,-1,-1,-1,0,PI+SIDIS,
27540,06/28/26,19:12,6.449,50.0,DUMMY,1.165,37.33,2.806,9.225,-1,-1,-1,-1,-1,0,PI+SIDIS,
27541,06/28/26,20:17,6.449,50.0,DUMMY,1.165,37.33,-2.806,9.225,-1,-1,-1,-1,-1,0,PI-SIDIS,
27542,06/28/26,20:55,6.449,36.0,LH2,1.165,37.33,-2.806,9.225,-1,-1,-1,-1,-1,0,PI-SIDIS,
27543,06/28/26,21:26,6.449,36.0,LH2,1.165,37.33,-2.806,9.225,-1,-1,-1,-1,-1,0,PI-SIDIS,
27544,06/28/26,22:25,6.449,70.0,LH2,1.165,44.83,-3.837,10.25,-1,-1,-1,-1,-1,0,PI-SIDIS,
27545,06/28/26,22:56,6.449,70.0,LH2,1.165,44.83,-3.837,10.25,-1,-1,-1,-1,-1,0,PI-SIDIS,
27546,06/28/26,23:30,6.449,70.0,LH2,1.165,44.83,-3.837,10.25,-1,-1,-1,-1,-1,0,PI-SIDIS,
27547,06/29/26,00:11,6.449,50.0,DUMMY,1.165,44.83,-3.837,10.25,-1,-1,-1,-1,-1,0,PI-SIDIS,
27548,06/29/26,00:46,6.449,50.0,DUMMY,1.165,44.83,-3.837,10.25,-1,-1,-1,-1,-1,0,PI-SIDIS,
27550,06/29/26,01:34,6.449,50.0,DUMMY,1.165,44.83,-2.978,10.25,-1,-1,-1,-1,-1,0,PI-SIDIS,
27551,06/29/26,02:07,6.449,50.0,DUMMY,1.165,44.83,-2.978,10.25,-1,-1,-1,-1,-1,0,PI-SIDIS,
27552,06/29/26,02:51,6.449,28.0,LD2,1.165,44.83,-2.978,10.25,-1,-1,-1,-1,-1,0,PI-SIDIS,"Suggested 30uA rates were a little too high, nudged down a few uA"
27553,06/29/26,03:24,6.449,28.0,LD2,1.165,44.83,-2.978,10.25,-1,-1,-1,-1,-1,0,PI-SIDIS,
27554,06/29/26,03:56,6.449,28.0,LD2,1.165,44.83,-2.978,10.25,-1,-1,-1,-1,-1,0,PI-SIDIS,
27555,06/29/26,04:34,6.449,60.0,LH2,1.165,44.83,-2.978,10.25,-1,-1,-1,-1,-1,0,PI-SIDIS,
27556,06/29/26,05:07,6.449,60.0,LH2,1.165,44.83,-2.978,10.25,-1,-1,-1,-1,-1,0,PI-SIDIS,
27557,06/29/26,05:41,6.449,60.0,LH2,1.165,44.83,-2.978,10.25,-1,-1,-1,-1,-1,0,PI-SIDIS,
27558,06/29/26,06:41,6.449,60.0,LH2,1.165,44.83,5.154,10.25,-1,-1,-1,-1,-1,0,PI+SIDIS,
27559,06/29/26,07:11,6.449,60.0,LH2,1.165,44.83,5.154,10.25,-1,-1,-1,-1,-1,0,PI+SIDIS,
27560,06/29/26,07:29,6.449,70.0,LH2,1.165,44.83,5.154,10.25,-1,-1,-1,0,-1,-1,HMSDIS,
27561,06/29/26,07:48,6.449,70.0,LH2,1.165,44.83,5.154,10.25,-1,-1,-1,0,-1,-1,HMSDIS,
27562,06/29/26,08:10,6.449,50.0,DUMMY,1.165,44.83,5.154,10.25,-1,-1,-1,-1,-1,0,PI+SIDIS,
27563,06/29/26,08:30,6.449,50.0,DUMMY,1.165,44.83,5.154,10.25,-1,-1,-1,-1,-1,0,PI+SIDIS,
27564,06/29/26,08:48,6.449,50.0,DUMMY,1.165,44.83,5.154,10.25,-1,-1,-1,0,-1,-1,HMSDIS,
27565,06/29/26,09:06,6.449,50.0,DUMMY,1.165,44.83,5.154,10.25,-1,-1,-1,0,-1,-1,HMSDIS,
27566,06/29/26,12:05,6.449,50.0,C,1.165,44.83,5.154,10.25,-1,-1,-1,0,-1,-1,HMSDIS,
27567,06/29/26,12:23,6.449,50.0,C,1.165,44.83,5.154,10.25,-1,-1,-1,0,-1,-1,HMSDIS,
27571,06/29/26,12:05,6.449,80.0,NONE,1.165,44.83,5.154,10.25,-1,-1,-1,0,-1,-1,BCM,80-5uA
27572,06/29/26,16:27,6.449,70.0,Cu,1.165,44.83,5.154,10.25,-1,-1,-1,0,-1,-1,HMSDIS,
27573,06/29/26,16:42,6.449,70.0,Cu,1.165,44.83,5.154,10.25,-1,-1,-1,0,-1,-1,HMSDIS,
27574,06/29/26,17:02,6.449,50.0,Al,1.165,44.83,5.154,10.25,-1,-1,-1,0,-1,-1,HMSDIS,
27575,06/29/26,17:18,6.449,50.0,Al,1.165,44.83,5.154,10.25,-1,-1,-1,0,-1,-1,HMSDIS,
27576,06/29/26,17:58,6.449,70.0,LD2,1.165,44.83,5.154,10.25,-1,-1,-1,0,-1,-1,HMSDIS,Coda didn't end successfully. Run may not be completely saved
27579,06/29/26,18:40,6.449,70.0,LD2,1.165,44.83,5.154,10.25,-1,-1,-1,0,-1,-1,HMSDIS,Good production run
27580,06/29/26,18:59,6.449,70.0,LD2,1.165,44.83,5.154,10.25,-1,-1,-1,0,-1,-1,HMSDIS,
27581,06/29/26,19:32,6.449,70.0,LH2,1.165,44.83,3.837,10.25,-1,-1,-1,0,-1,-1,HMSDIS,DIS run; forgot to change prescales
27582,06/29/26,20:03,6.449,70.0,LH2,1.165,44.83,3.837,10.25,-1,-1,-1,0,-1,-1,HMSDIS,Wrong prescales - finished early (still useful short DIS run)
27583,06/29/26,20:08,6.449,70.0,LH2,1.165,44.83,3.837,10.25,-1,-1,-1,-1,-1,0,PI+SIDIS,
27584,06/29/26,20:40,6.449,70.0,LH2,1.165,44.83,3.837,10.25,-1,-1,-1,-1,-1,0,PI+SIDIS,
27585,06/29/26,21:11,6.449,70.0,LH2,1.165,44.83,3.837,10.25,-1,-1,-1,-1,-1,0,PI+SIDIS,
27586,06/29/26,21:34,6.449,50.0,DUMMY,1.165,44.83,3.837,10.25,-1,-1,-1,-1,-1,0,PI+SIDIS,Short run; beam started tripping for arc5 overheat
27590,07/08/26,17:51,6.449,50.0,DUMMY,1.165,44.83,2.978,10.25,-1,-1,-1,-1,-1,0,PI+SIDIS,
27591,07/08/26,18:22,6.449,50.0,DUMMY,1.165,44.83,2.978,10.25,-1,-1,-1,-1,-1,0,PI+SIDIS,
27592,07/08/26,18:53,6.449,50.0,DUMMY,1.165,44.83,2.978,10.25,-1,-1,-1,-1,-1,0,PI+SIDIS,
27593,07/08/26,19:31,6.449,48.0,C,1.165,44.83,2.978,10.25,-1,-1,-1,-1,-1,0,PI+SIDIS,
27594,07/08/26,20:02,6.449,48.0,C,1.165,44.83,2.978,10.25,-1,-1,-1,-1,-1,0,PI+SIDIS,
27595,07/08/26,20:33,6.449,48.0,C,1.165,44.83,2.978,10.25,-1,-1,-1,-1,-1,0,PI+SIDIS,
27596,07/08/26,21:05,6.449,48.0,C,1.165,44.83,2.978,10.25,-1,-1,-1,-1,-1,0,PI+SIDIS,
27597,07/08/26,21:48,6.449,50.0,Cu,1.165,44.83,2.978,10.25,-1,-1,-1,-1,-1,0,PI+SIDIS,About 20 minutes of production; after that beam was taken away
27598,07/08/26,22:23,6.449,50.0,Cu,1.165,44.83,2.978,10.25,-1,-1,-1,-1,-1,0,PI+SIDIS,
27599,07/08/26,22:57,6.449,50.0,Cu,1.165,44.83,2.978,10.25,-1,-1,-1,-1,-1,0,PI+SIDIS,
27600,07/08/26,23:30,6.449,50.0,Cu,1.165,44.83,2.978,10.25,-1,-1,-1,-1,-1,0,PI+SIDIS,
27601,07/09/26,00:01,6.449,50.0,Cu,1.165,44.83,2.978,10.25,-1,-1,-1,-1,-1,0,PI+SIDIS,
27602,07/09/26,00:49,6.449,50.0,Cu,1.165,44.83,2.978,10.25,-1,-1,-1,-1,-1,0,PI+SIDIS,
27603,07/09/26,01:20,6.449,50.0,Cu,1.165,44.83,2.978,10.25,-1,-1,-1,-1,-1,0,PI+SIDIS,
27604,07/09/26,02:08,6.449,27.0,LD2,1.165,44.83,2.978,10.25,-1,-1,-1,-1,-1,0,PI+SIDIS,
27605,07/09/26,02:38,6.449,27.0,LD2,1.165,44.83,2.978,10.25,-1,-1,-1,-1,-1,0,PI+SIDIS,
27606,07/09/26,03:08,6.449,27.0,LD2,1.165,44.83,2.978,10.25,-1,-1,-1,-1,-1,0,PI+SIDIS,
27607,07/09/26,03:40,6.449,27.0,LD2,1.165,44.83,2.978,10.25,-1,-1,-1,-1,-1,0,PI+SIDIS,
27608,07/09/26,04:35,6.449,45.0,LH2,1.165,44.83,2.978,10.25,-1,-1,-1,-1,-1,0,PI+SIDIS,
27609,07/09/26,05:42,6.449,54.0,LH2,1.165,44.83,2.978,10.25,-1,-1,-1,-1,-1,0,PI+SIDIS,
27610,07/09/26,06:06,6.449,54.0,LH2,1.165,44.83,2.978,10.25,-1,-1,-1,-1,-1,0,PI+SIDIS,
27612,07/09/26,07:00,6.449,54.0,LH2,1.165,44.83,2.978,10.25,-1,-1,-1,-1,-1,0,PI+SIDIS,"50k seems fine, but no data/full replay?"
27614,07/10/26,02:04,6.449,45.0,DUMMY,-1.165,44.83,-2.978,10.25,-1,-1,-1,-1,-1,0,PI-SIDIS,
27615,07/10/26,02:36,6.449,50.0,DUMMY,-1.165,44.83,-2.978,10.25,-1,-1,-1,-1,-1,0,PI-SIDIS,
27616,07/10/26,03:06,6.449,50.0,DUMMY,-1.165,44.83,-2.978,10.25,-1,-1,-1,-1,-1,0,PI-SIDIS,
27617,07/10/26,03:35,6.449,50.0,DUMMY,-1.165,44.83,-2.978,10.25,-1,-1,-1,-1,-1,0,PI-SIDIS,
27618,07/10/26,04:06,6.449,50.0,DUMMY,-1.165,44.83,-2.978,10.25,-1,-1,-1,-1,-1,0,PI-SIDIS,
27619,07/10/26,04:36,6.449,50.0,DUMMY,-1.165,44.83,-2.978,10.25,-1,-1,-1,-1,-1,0,PI-SIDIS,
27620,07/10/26,05:07,6.449,50.0,DUMMY,-1.165,44.83,-2.978,10.25,-1,-1,-1,-1,-1,0,PI-SIDIS,
27621,07/10/26,05:37,6.449,50.0,DUMMY,-1.165,44.83,-2.978,10.25,-1,-1,-1,-1,-1,0,PI-SIDIS,
27622,07/10/26,06:06,6.449,50.0,DUMMY,-1.165,44.83,-2.978,10.25,-1,-1,-1,-1,-1,0,PI-SIDIS,~23min run
27623,07/10/26,09:44,6.449,50.0,DUMMY,-1.165,44.83,-2.978,10.25,-1,-1,-1,-1,-1,0,PI-SIDIS,
27624,07/10/26,10:47,6.449,28.0,LD2,-1.165,44.83,-2.978,10.25,-1,-1,-1,-1,-1,0,PI-SIDIS,Beam taken out for Hall D tuning
27625,07/10/26,23:25,6.449,28.0,LD2,-1.165,44.83,-2.978,10.25,-1,-1,-1,-1,-1,0,PI-SIDIS,Leak in MJC5A2A
27626,07/11/26,00:01,6.449,28.0,LD2,-1.165,44.83,-2.978,10.25,-1,-1,-1,-1,-1,0,PI-SIDIS,
27627,07/11/26,00:37,6.449,28.0,LD2,-1.165,44.83,-2.978,10.25,-1,-1,-1,-1,-1,0,PI-SIDIS,
27628,07/11/26,01:08,6.449,28.0,LD2,-1.165,44.83,-2.978,10.25,-1,-1,-1,-1,-1,0,PI-SIDIS,
27629,07/11/26,01:39,6.449,28.0,LD2,-1.165,44.83,-2.978,10.25,-1,-1,-1,-1,-1,0,PI-SIDIS,
27630,07/11/26,02:10,6.449,28.0,LD2,-1.165,44.83,-2.978,10.25,-1,-1,-1,-1,-1,0,PI-SIDIS,
27631,07/11/26,02:40,6.449,28.0,LD2,-1.165,44.83,-2.978,10.25,-1,-1,-1,-1,-1,0,PI-SIDIS,
27632,07/11/26,03:34,6.449,60.0,LH2,-1.165,44.83,-2.978,10.25,-1,-1,-1,-1,-1,0,PI-SIDIS,
27633,07/11/26,04:06,6.449,60.0,LH2,-1.165,44.83,-2.978,10.25,-1,-1,-1,-1,-1,0,PI-SIDIS,
27634,07/11/26,04:37,6.449,60.0,LH2,-1.165,44.83,-2.978,10.25,-1,-1,-1,-1,-1,0,PI-SIDIS,
27635,07/11/26,05:06,6.449,60.0,LH2,-1.165,44.83,-2.978,10.25,-1,-1,-1,-1,-1,0,PI-SIDIS,
27636,07/11/26,05:37,6.449,60.0,LH2,-1.165,44.83,-2.978,10.25,-1,-1,-1,-1,-1,0,PI-SIDIS,
27637,07/11/26,06:06,6.449,60.0,LH2,-1.165,44.83,-2.978,10.25,-1,-1,-1,-1,-1,0,PI-SIDIS,
27638,07/11/26,06:37,6.449,60.0,LH2,-1.165,44.83,-2.978,10.25,-1,-1,-1,-1,-1,0,PI-SIDIS,
27639,07/11/26,07:10,6.449,60.0,LH2,-1.165,44.83,-2.978,10.25,-1,-1,-1,-1,-1,0,PI-SIDIS,
27640,07/11/26,07:41,6.449,60.0,LH2,-1.165,44.83,-2.978,10.25,-1,-1,-1,-1,-1,0,PI-SIDIS,
27641,07/11/26,08:14,6.449,60.0,LH2,-1.165,44.83,-2.978,10.25,-1,-1,-1,-1,-1,0,PI-SIDIS,
27642,07/11/26,13:47,6.449,70.0,LH2,-1.165,37.33,5.051,9.245,-1,-1,-1,-1,-1,0,PI+SIDIS,
27643,07/11/26,14:54,6.449,50.0,DUMMY,-1.165,37.33,5.051,9.245,-1,-1,-1,-1,-1,0,PI+SIDIS,Many trips
27644,07/11/26,15:13,6.449,50.0,DUMMY,-1.165,37.33,5.051,9.245,-1,-1,-1,-1,-1,0,PI+SIDIS,
27650,07/11/26,16:24,6.449,18.0,LD2,-1.165,37.33,2.806,9.245,-1,-1,-1,-1,-1,0,PI+SIDIS,
27651,07/11/26,16:53,6.449,18.0,LD2,-1.165,37.33,2.806,9.245,-1,-1,-1,-1,-1,0,PI+SIDIS,
27652,07/11/26,17:23,6.449,18.0,LD2,-1.165,37.33,2.806,9.245,-1,-1,-1,-1,-1,0,PI+SIDIS,
27653,07/11/26,17:54,6.449,18.0,LD2,-1.165,37.33,2.806,9.245,-1,-1,-1,-1,-1,0,PI+SIDIS,
27654,07/11/26,18:24,6.449,18.0,LD2,-1.165,37.33,2.806,9.245,-1,-1,-1,-1,-1,0,PI+SIDIS,
27655,07/11/26,18:54,6.449,18.0,LD2,-1.165,37.33,2.806,9.245,-1,-1,-1,-1,-1,0,PI+SIDIS,
27656,07/11/26,19:24,6.449,18.0,LD2,-1.165,37.33,2.806,9.245,-1,-1,-1,-1,-1,0,PI+SIDIS,
27657,07/11/26,19:54,6.449,18.0,LD2,-1.165,37.33,2.806,9.245,-1,-1,-1,-1,-1,0,PI+SIDIS,
27658,07/11/26,20:27,6.449,18.0,LD2,-1.165,37.33,2.806,9.245,-1,-1,-1,-1,-1,0,PI+SIDIS,
27659,07/11/26,21:00,6.449,18.0,LD2,-1.165,37.33,2.806,9.245,-1,-1,-1,-1,-1,0,PI+SIDIS,
27660,07/11/26,21:34,6.449,18.0,LD2,-1.165,37.33,2.806,9.245,-1,-1,-1,0,-1,-1,HMSDIS,ended early due to linac trip
27661,07/11/26,22:13,6.449,18.0,LD2,-1.165,37.33,2.806,9.245,-1,-1,-1,0,-1,-1,HMSDIS,5min short run to reach 15min of HMSDIS production
27662,07/11/26,22:20,6.449,18.0,LD2,-1.165,37.33,2.806,9.245,-1,-1,5,-1,-1,-1,HMSDIS,
27663,07/11/26,22:37,6.449,18.0,LD2,-1.165,37.33,2.806,9.245,-1,-1,-1,0,-1,-1,HMSDIS,Very short run.
27664,07/11/26,22:54,6.449,38.0,LH2,-1.165,37.33,2.806,9.245,-1,-1,-1,-1,-1,0,PI+SIDIS,
27665,07/11/26,23:24,6.449,38.0,LH2,-1.165,37.33,2.806,9.245,-1,-1,-1,-1,-1,0,PI+SIDIS,
27666,07/11/26,23:55,6.449,38.0,LH2,-1.165,37.33,2.806,9.245,-1,-1,-1,-1,-1,0,PI+SIDIS,
27667,07/12/26,00:26,6.449,38.0,LH2,-1.165,37.33,2.806,9.245,-1,-1,-1,-1,-1,0,PI+SIDIS,
27668,07/12/26,00:56,6.449,38.0,LH2,-1.165,37.33,2.806,9.245,-1,-1,-1,-1,-1,0,PI+SIDIS,
27669,07/12/26,01:26,6.449,38.0,LH2,-1.165,37.33,2.806,9.245,-1,-1,-1,-1,-1,0,PI+SIDIS,
27670,07/12/26,03:19,6.449,38.0,LH2,-1.165,37.33,2.806,9.245,-1,-1,-1,-1,-1,0,PI+SIDIS,
27671,07/12/26,04:09,6.449,38.0,LH2,-1.165,37.33,2.806,9.245,-1,-1,-1,-1,-1,0,PI+SIDIS,
27672,07/12/26,04:39,6.449,38.0,LH2,-1.165,37.33,2.806,9.245,-1,-1,-1,-1,-1,0,PI+SIDIS,
27673,07/12/26,05:10,6.449,38.0,LH2,-1.165,37.33,2.806,9.245,-1,-1,-1,-1,-1,0,PI+SIDIS,
27674,07/12/26,05:46,6.449,38.0,LH2,-1.165,37.33,2.806,9.245,-1,-1,-1,-1,0,-1,PI+SIDIS,ended early
27675,07/12/26,06:09,6.449,38.0,LH2,-1.165,37.33,2.806,9.245,-1,-1,-1,-1,0,-1,PI+SIDIS,remaining minutes of previous setting
27676,07/12/26,06:18,6.449,38.0,LH2,-1.165,37.33,2.806,9.245,-1,-1,-1,0,-1,-1,HMSDIS,
27677,07/12/26,06:37,6.449,38.0,LH2,-1.165,37.33,2.806,9.245,-1,-1,0,-1,-1,-1,HMSDIS,
27678,07/12/26,07:06,6.449,50.0,DUMMY,-1.165,37.33,2.806,9.245,-1,-1,-1,-1,-1,0,PI+SIDIS,
27679,07/12/26,07:36,6.449,50.0,DUMMY,-1.165,37.33,2.806,9.245,-1,-1,-1,-1,-1,0,PI+SIDIS,
27680,07/12/26,08:09,6.449,50.0,DUMMY,-1.165,37.33,2.806,9.245,-1,-1,-1,0,-1,-1,HMSDIS,
27681,07/12/26,08:44,6.449,18.0,LD2,-1.165,37.33,2.806,9.245,-1,-1,-1,-1,-1,0,PI+SIDIS,
27682,07/12/26,09:15,6.449,18.0,LD2,-1.165,37.33,2.806,9.245,-1,-1,-1,-1,-1,0,PI+SIDIS,
27683,07/12/26,09:47,6.449,18.0,LD2,-1.165,37.33,2.806,9.245,-1,-1,-1,-1,-1,0,PI+SIDIS,
27684,07/12/26,10:19,6.449,18.0,LD2,-1.165,37.33,2.806,9.245,-1,-1,-1,-1,-1,0,PI+SIDIS,
27685,07/12/26,10:50,6.449,18.0,LD2,-1.165,37.33,2.806,9.245,-1,-1,-1,-1,-1,0,PI+SIDIS,
27686,07/12/26,11:55,6.449,18.0,LD2,-1.165,37.33,2.806,9.245,-1,-1,-1,-1,-1,0,PI+SIDIS,
27687,07/12/26,12:36,6.449,18.0,LD2,-1.165,37.33,2.806,9.245,-1,-1,-1,-1,-1,0,PI+SIDIS,
27688,07/12/26,13:07,6.449,18.0,LD2,-1.165,37.33,2.806,9.245,-1,-1,-1,-1,-1,0,PI+SIDIS,
27689,07/12/26,13:38,6.449,18.0,LD2,-1.165,37.33,2.806,9.245,-1,-1,-1,-1,-1,0,PI+SIDIS,
27690,07/12/26,14:08,6.449,18.0,LD2,-1.165,37.33,2.806,9.245,-1,-1,-1,-1,-1,0,PI+SIDIS,
27691,07/12/26,14:52,6.449,38.0,LH2,-1.165,37.33,2.806,9.245,-1,-1,-1,-1,-1,0,PI+SIDIS,
27692,07/12/26,15:23,6.449,38.0,LH2,-1.165,37.33,2.806,9.245,-1,-1,-1,-1,-1,0,PI+SIDIS,
27693,07/12/26,15:54,6.449,38.0,LH2,-1.165,37.33,2.806,9.245,-1,-1,-1,-1,-1,0,PI+SIDIS,
27694,07/12/26,16:26,6.449,38.0,LH2,-1.165,37.33,2.806,9.245,-1,-1,-1,-1,-1,0,PI+SIDIS,
27695,07/12/26,16:57,6.449,38.0,LH2,-1.165,37.33,2.806,9.245,-1,-1,-1,-1,-1,0,PI+SIDIS,
27696,07/12/26,17:28,6.449,38.0,LH2,-1.165,37.33,2.806,9.245,-1,-1,-1,-1,-1,0,PI+SIDIS,
27697,07/12/26,17:59,6.449,38.0,LH2,-1.165,37.33,2.806,9.245,-1,-1,-1,-1,-1,0,PI+SIDIS,
27698,07/12/26,18:31,6.449,38.0,LH2,-1.165,37.33,2.806,9.245,-1,-1,-1,-1,-1,0,PI+SIDIS,
27699,07/12/26,19:11,6.449,50.0,DUMMY,-1.165,37.33,2.806,9.245,-1,-1,-1,-1,-1,0,PI+SIDIS,
27700,07/12/26,19:42,6.449,50.0,DUMMY,-1.165,37.33,2.806,9.245,-1,-1,-1,-1,-1,0,PI+SIDIS,
27701,07/12/26,20:16,6.449,50.0,DUMMY,-1.165,37.33,2.806,9.245,-1,-1,-1,-1,-1,0,PI+SIDIS,
27702,07/12/26,20:47,6.449,50.0,DUMMY,-1.165,37.33,2.806,9.245,-1,-1,-1,-1,-1,0,PI+SIDIS,
27703,07/12/26,21:57,6.449,40.0,LH2,-1.165,37.33,-2.806,9.245,-1,-1,-1,-1,-1,0,PI-SIDIS,
27704,07/12/26,22:28,6.449,40.0,LH2,-1.165,37.33,-2.806,9.245,-1,-1,-1,-1,-1,0,PI-SIDIS,
27705,07/12/26,22:59,6.449,40.0,LH2,-1.165,37.33,-2.806,9.245,-1,-1,-1,-1,-1,0,PI-SIDIS,
27706,07/12/26,23:30,6.449,40.0,LH2,-1.165,37.33,-2.806,9.245,-1,-1,-1,-1,-1,0,PI-SIDIS,
27707,07/13/26,00:01,6.449,40.0,LH2,-1.165,37.33,-2.806,9.245,-1,-1,-1,-1,-1,0,PI-SIDIS,
27708,07/13/26,00:33,6.449,40.0,LH2,-1.165,37.33,-2.806,9.245,-1,-1,-1,-1,-1,0,PI-SIDIS,
27709,07/13/26,01:05,6.449,40.0,LH2,-1.165,37.33,-2.806,9.245,-1,-1,-1,-1,-1,0,PI-SIDIS,
27710,07/13/26,01:41,6.449,40.0,LH2,-1.165,37.33,-2.806,9.245,-1,-1,-1,-1,-1,0,PI-SIDIS,
27711,07/13/26,02:13,6.449,40.0,LH2,-1.165,37.33,-2.806,9.245,-1,-1,-1,-1,-1,0,PI-SIDIS,
27712,07/13/26,02:44,6.449,40.0,LH2,-1.165,37.33,-2.806,9.245,-1,-1,-1,-1,-1,0,PI-SIDIS,
27713,07/13/26,03:18,6.449,40.0,LH2,-1.165,37.33,-2.806,9.245,-1,-1,-1,-1,0,-1,PI-SIDIS,
27714,07/13/26,04:03,6.449,50.0,DUMMY,-1.165,37.33,-2.806,9.245,-1,-1,-1,-1,-1,0,PI-SIDIS,
27715,07/13/26,04:39,6.449,50.0,DUMMY,-1.165,37.33,-2.806,9.245,-1,-1,-1,-1,-1,0,PI-SIDIS,
27716,07/13/26,06:30,6.449,50.0,DUMMY,-1.165,37.33,-2.806,9.245,-1,-1,-1,-1,-1,0,PI-SIDIS,
27717,07/13/26,07:00,6.449,50.0,DUMMY,-1.165,37.33,-2.806,9.245,-1,-1,-1,-1,-1,0,PI-SIDIS,
27718,07/13/26,08:04,6.449,40.0,LH2,-1.165,37.33,-2.806,9.245,-1,-1,-1,-1,-1,0,PI-SIDIS,
27719,07/13/26,08:36,6.449,40.0,LH2,-1.165,37.33,-2.806,9.245,-1,-1,-1,-1,-1,0,PI-SIDIS,
27720,07/13/26,09:06,6.449,40.0,LH2,-1.165,37.33,-2.806,9.245,-1,-1,-1,-1,-1,0,PI-SIDIS,
27721,07/13/26,09:37,6.449,40.0,LH2,-1.165,37.33,-2.806,9.245,-1,-1,-1,-1,-1,0,PI-SIDIS,
27722,07/13/26,10:08,6.449,40.0,LH2,-1.165,37.33,-2.806,9.245,-1,-1,-1,-1,-1,0,PI-SIDIS,
27723,07/13/26,10:38,6.449,40.0,LH2,-1.165,37.33,-2.806,9.245,-1,-1,-1,-1,-1,0,PI-SIDIS,
27724,07/13/26,11:09,6.449,40.0,LH2,-1.165,37.33,-2.806,9.245,-1,-1,-1,-1,-1,0,PI-SIDIS,
27725,07/13/26,11:40,6.449,40.0,LH2,-1.165,37.33,-2.806,9.245,-1,-1,-1,-1,-1,0,PI-SIDIS,
27726,07/13/26,12:10,6.449,40.0,LH2,-1.165,37.33,-2.806,9.245,-1,-1,-1,-1,-1,0,PI-SIDIS,
27727,07/13/26,12:41,6.449,40.0,LH2,-1.165,37.33,-2.806,9.245,-1,-1,-1,-1,-1,0,PI-SIDIS,15 min run due to beam down
27728,07/13/26,13:32,6.449,40.0,LH2,-1.165,37.33,-2.806,9.245,-1,-1,-1,-1,-1,0,PI-SIDIS,
27730,07/13/26,14:13,6.449,50.0,DUMMY,-1.165,37.33,-2.806,9.245,-1,-1,-1,-1,-1,0,PI-SIDIS,
27731,07/13/26,14:43,6.449,50.0,DUMMY,-1.165,37.33,-2.806,9.245,-1,-1,-1,-1,-1,0,PI-SIDIS,
27732,07/13/26,15:15,6.449,50.0,DUMMY,-1.165,37.33,-2.806,9.245,-1,-1,-1,-1,-1,0,PI-SIDIS,
27733,07/13/26,16:52,6.449,70.0,LH2,-3.7,27.0,3.61,27.285,-1,-1,-1,-1,-1,0,HEEP,
27734,07/13/26,17:23,6.449,70.0,LH2,-3.7,27.0,3.61,27.285,-1,-1,-1,-1,-1,0,HEEP,
27735,07/13/26,17:58,6.449,70.0,LH2,-3.7,27.0,3.61,27.285,-1,-1,-1,0,-1,-1,HEE,
27736,07/13/26,18:44,6.449,50.0,DUMMY,-3.7,27.0,3.61,27.285,-1,-1,-1,-1,-1,0,HEEP,
27737,07/13/26,19:16,6.449,50.0,DUMMY,-3.7,27.0,3.61,27.285,-1,-1,-1,4,-1,-1,HEE,
27738,07/13/26,19:49,6.449,70.0,LD2,-3.7,27.0,3.61,27.285,-1,-1,-1,4,-1,-1,HEE,
27739,07/13/26,20:59,6.449,70.0,LH2,-3.318,30.5,4.01,24.825,-1,-1,-1,-1,-1,0,HEEP,
27740,07/13/26,21:32,6.449,70.0,LH2,-3.318,30.5,4.01,24.825,-1,-1,-1,-1,-1,0,HEEP,
27741,07/13/26,22:05,6.449,70.0,LH2,-3.318,30.5,4.01,24.825,-1,-1,-1,0,-1,-1,HEE,HMS EL-REAL run
27742,07/13/26,22:50,6.449,70.0,DUMMY,-3.318,30.5,4.01,24.825,-1,-1,-1,-1,-1,0,HEEP,
27743,07/13/26,23:24,6.449,70.0,DUMMY,-3.318,30.5,4.01,24.825,-1,-1,-1,0,-1,-1,HEE,HMS EL-REAL run
27744,07/13/26,23:52,6.449,70.0,LD2,-3.318,30.5,4.01,24.825,-1,-1,-1,0,-1,-1,HEE,HMS EL-REAL run
27745,07/14/26,02:25,6.449,52.0,LH2,1.165,44.83,2.978,10.25,-1,-1,-1,-1,-1,0,PI+SIDIS,
27746,07/14/26,02:56,6.449,52.0,LH2,1.165,44.83,2.978,10.25,-1,-1,-1,-1,-1,0,PI+SIDIS,
27747,07/14/26,03:40,6.449,48.0,Cu,1.165,44.83,2.978,10.25,-1,-1,-1,-1,-1,0,PI+SIDIS,
27748,07/14/26,04:12,6.449,48.0,Cu,1.165,44.83,2.978,10.25,-1,-1,-1,-1,-1,0,PI+SIDIS,
27749,07/14/26,05:24,6.449,42.0,LH2,1.165,37.33,-2.806,9.43,-1,-1,-1,-1,-1,0,PI-SIDIS,Significant SHMS angle offset
27750,07/14/26,05:57,6.449,42.0,LH2,1.165,37.33,-2.806,9.43,-1,-1,-1,-1,-1,0,PI-SIDIS,Significant SHMS angle offset
27751,07/14/26,06:29,6.449,42.0,LH2,1.165,37.33,-2.806,9.43,-1,-1,-1,-1,-1,0,PI-SIDIS,Significant SHMS angle offset
27752,07/14/26,07:00,6.449,42.0,LH2,1.165,37.33,-2.806,9.43,-1,-1,-1,-1,-1,0,PI-SIDIS,Significant SHMS angle offset
27753,07/14/26,08:14,6.449,18.0,LD2,1.165,37.33,2.806,9.43,-1,-1,-1,-1,-1,0,PI+SIDIS,Significant SHMS angle offset
27754,07/14/26,08:44,6.449,18.0,LD2,1.165,37.33,2.806,9.43,-1,-1,-1,-1,-1,0,PI+SIDIS,"Significant SHMS angle offset, stopped early; failing HV"
27756,07/16/26,04:08,8.581,40.0,LH2,-3.254,13.76,-2.611,10.12,-1,-1,-1,-1,-1,0,PI-SIDIS,Different central momentum in SHMS!  Possibly junk..?
27757,07/16/26,04:45,8.581,40.0,LH2,-3.254,13.76,-2.611,10.12,-1,-1,-1,-1,-1,0,PI-SIDIS,Different central momentum in SHMS!  Possibly junk..?
27758,07/16/26,20:10,8.581,42.0,LH2,-3.254,13.76,-2.738,10.12,-1,-1,-1,-1,-1,0,PI-SIDIS,
27759,07/16/26,20:42,8.581,42.0,LH2,-3.254,13.76,-2.738,10.12,-1,-1,-1,-1,-1,0,PI-SIDIS,
27760,07/16/26,21:16,8.581,42.0,LH2,-3.254,13.76,-2.738,10.12,-1,-1,-1,-1,0,-1,PI-SIDIS,
27761,07/16/26,21:47,8.581,40.0,LH2,-3.254,13.76,-2.738,10.12,-1,-1,-1,5,-1,-1,HMSDIS,
27762,07/16/26,22:04,8.581,40.0,LH2,-3.254,13.76,-2.738,10.12,-1,-1,-1,-1,-1,0,PI-SIDIS,
27763,07/16/26,22:53,8.581,50.0,DUMMY,-3.254,13.76,-2.738,10.12,-1,-1,-1,-1,-1,0,PI-SIDIS,
27764,07/16/26,23:13,8.581,50.0,DUMMY,-3.254,13.76,-2.738,10.12,-1,-1,-1,5,-1,-1,HMSDIS,
27765,07/16/26,23:43,8.581,50.0,DUMMY,-3.254,13.76,-2.738,8.26,-1,-1,-1,-1,-1,0,PI-SIDIS,Short run
27766,07/17/26,00:40,8.581,50.0,DUMMY,-3.254,13.76,-2.738,8.26,-1,-1,-1,-1,-1,0,PI-SIDIS,
27767,07/17/26,01:07,8.581,24.0,LH2,-3.254,13.76,-2.738,8.26,-1,-1,-1,-1,-1,0,PI-SIDIS,
27768,07/17/26,01:46,8.581,24.0,LH2,-3.254,13.76,-2.738,8.26,-1,-1,-1,-1,-1,0,PI-SIDIS,
27769,07/17/26,03:02,8.581,18.0,LH2,-3.254,13.76,2.738,8.26,-1,-1,-1,-1,-1,0,PI+SIDIS,
27770,07/17/26,03:45,8.581,18.0,LH2,-3.254,13.76,2.738,8.26,-1,-1,-1,-1,-1,0,PI+SIDIS,
27771,07/17/26,04:43,8.581,50.0,DUMMY,-3.254,13.76,2.738,8.26,-1,-1,-1,-1,-1,0,PI+SIDIS,
