run,ebeam,target,hms_p,hms_th,shms_p,shms_th,run_type,x,Q2,z,thpq,BCM1_Q,BCM1_I,BCM2_Q,BCM2_I,BCM4A_Q,BCM4A_I,BCM4B_Q,BCM4B_I,BCM4C_Q,BCM4C_I,h_esing_Eff,h_hadron_Eff,p_esing_Eff,p_hadron_Eff,ps1,ps2,ps3,ps4,ps5,ps6,comp_livetime,electr_deadtime,coin,randoms,ransubcoin,normyield,normyield_err,ctmean,ctsigma,boil_corr,h_EL_CLEAN,p_EL_CLEAN
27106,6.449,LH2,1.67,47.91,-5.52,13.01,HEEP,-999,-999,-999,-999,38.488,18.024,38.361,17.965,33.843,15.849,217.02,101.63,52.719,24.689,0.0,0.9997,0.9985,0.7674,-1.0,-1.0,-1.0,-1.0,1.0,-1.0,1.0,-999,-999,-999,-999,-999,-999,-999,-999,1.0,-999,-999
27107,6.449,DUMMY,1.67,47.91,-5.52,13.01,HEEP,-999,-999,-999,-999,66.466,36.708,66.147,36.532,58.403,32.255,258.74,142.9,90.913,50.21,0.9999,0.9996,0.9971,0.7405,-1.0,-1.0,-1.0,-1.0,1.0,-1.0,1.0,-999,-999,-999,-999,-999,-999,-999,-999,1.0,-999,-999
27108,6.449,DUMMY,1.67,47.91,-5.52,13.01,SHMSHEE,-999,-999,-999,-999,21161.96,40.471,21064.59,40.285,18537.92,35.453,78003.43,149.17,28866.29,55.205,-999,-999,0.9956,0.6637,-999,-999,-999,-999,-999,-999,-999,99.8722,-999,-999,-999,-999,-999,-999,-999,1.0,-999,16.077
27109,6.449,LH2,1.67,47.91,-5.52,13.01,SHMSHEE,-999,-999,-999,-999,28033.97,40.145,27914.2,39.973,24514.6,35.105,103357.0,148.0,38185.14,54.681,-999,-999,0.9949,0.658,-999,-999,-999,-999,-999,-999,-999,99.646,-999,-999,-999,-999,-999,-999,-999,1.0,-999,-999
27113,6.449,LH2,-1.165,31.278,-2.766,8.275,HMSDIS,0.22,2.2,0.5,2.0,15609.013,28.018,15531.802,27.88,13667.126,24.53,84868.901,152.3,21270.025,38.18,0.9997,0.9984,-999,-999,-1.0,-1.0,17.0,-1.0,-1.0,-1.0,1.0,95.6595,-999,-999,-999,-999,-999,-999,-999,1.0,0.798,276.706
27114,6.449,LH2,-1.165,31.278,-2.766,8.275,HMSDIS,0.22,2.2,0.5,2.0,-999,-999,-999,-999,-999,-999,-999,-999,-999,-999,-999,-999,-999,-999,-999,-999,-999,-999,-999,-999,-999,-999,-999,-999,-999,-999,-999,-999,-999,1.0,-999,-999
27115,6.449,LH2,-1.165,31.278,-2.766,8.275,HMSDIS,0.22,2.2,0.5,2.0,-999,-999,-999,-999,-999,-999,-999,-999,-999,-999,-999,-999,-999,-999,-999,-999,-999,-999,-999,-999,-999,-999,-999,-999,-999,-999,-999,-999,-999,1.0,-999,-999
27116,6.449,LH2,-1.165,31.278,-2.766,8.275,SHMSDIS,0.22,2.2,0.5,2.0,-999,-999,-999,-999,-999,-999,-999,-999,-999,-999,-999,-999,-999,-999,-999,-999,-999,-999,-999,-999,-999,-999,-999,-999,-999,-999,-999,-999,-999,1.0,-999,-999
27118,6.449,LH2,-1.165,31.278,-2.766,8.275,HMSDIS,0.22,2.2,0.5,2.0,-999,-999,-999,-999,-999,-999,-999,-999,-999,-999,-999,-999,-999,-999,-999,-999,-999,-999,-999,-999,-999,-999,-999,-999,-999,-999,-999,-999,-999,1.0,-999,-999
27119,6.449,LH2,-1.165,31.278,-2.766,8.275,HMSDIS,0.22,2.2,0.5,2.0,-999,-999,-999,-999,-999,-999,-999,-999,-999,-999,-999,-999,-999,-999,-999,-999,-999,-999,-999,-999,-999,-999,-999,-999,-999,-999,-999,-999,-999,1.0,-999,-999
27120,6.449,LH2,-1.165,31.278,-2.766,8.275,SHMSDIS,0.22,2.2,0.5,2.0,-999,-999,-999,-999,-999,-999,-999,-999,-999,-999,-999,-999,-999,-999,-999,-999,-999,-999,-999,-999,-999,-999,-999,-999,-999,-999,-999,-999,-999,1.0,-999,-999
27121,6.449,LH2,-1.165,31.278,-2.766,8.275,SHMSDIS,0.22,2.2,0.5,2.0,-999,-999,-999,-999,-999,-999,-999,-999,-999,-999,-999,-999,-999,-999,-999,-999,-999,-999,-999,-999,-999,-999,-999,-999,-999,-999,-999,-999,-999,1.0,-999,-999
27122,6.449,LH2,-1.165,31.278,-2.766,8.275,PI-SIDIS,0.22,2.2,0.5,2.0,51.571,27.79,51.346,27.668,45.284,24.402,279.75,150.75,70.482,37.98,0.998,0.997,0.9844,0.9767,-1.0,-1.0,-1.0,-1.0,-1.0,1.0,1.0,-999,1292.0,445.0,847.0,3.11782,0.134053,51.4063,0.432662,1.0,-999,276.147
27123,6.449,LH2,-1.165,31.278,-2.766,8.275,PI-SIDIS,0.22,2.2,0.5,2.0,47.752,27.387,47.57,27.283,41.859,24.007,259.82,149.01,65.202,37.395,0.9978,0.9967,0.9849,0.9763,-1.0,-1.0,-1.0,-1.0,-1.0,1.0,1.0,-999,1128.0,408.154,719.846,2.85491,0.135042,51.3993,0.43904,1.0,-999,272.535
27124,6.449,LH2,-1.165,31.278,-2.766,8.275,PI-SIDIS,0.22,2.2,0.5,2.0,51.489,27.381,51.317,27.29,45.32,24.101,280.03,148.92,70.655,37.574,0.9979,0.9972,0.9841,0.9767,-1.0,-1.0,-1.0,-1.0,-1.0,1.0,1.0,-999,1268.0,437.538,830.462,3.05423,0.132688,51.3947,0.443134,1.0,-999,272.871
27125,6.449,LH2,-1.165,31.278,-2.766,8.275,PI-SIDIS,0.22,2.2,0.5,2.0,43.855,27.663,43.66,27.54,38.67,24.393,238.03,150.14,60.299,38.036,0.9983,0.9971,0.9853,0.9759,-1.0,-1.0,-1.0,-1.0,-1.0,1.0,1.0,-999,1107.0,386.692,720.308,3.11784,0.145938,51.4037,0.443728,1.0,-999,275.474
27126,6.449,LH2,-1.165,31.278,-2.766,8.275,PI-SIDIS,0.22,2.2,0.5,2.0,20.469,27.956,20.369,27.82,18.068,24.678,110.8,151.34,28.168,38.471,0.9983,0.9966,0.9831,0.9742,-1.0,-1.0,-1.0,-1.0,-1.0,1.0,1.0,-999,506.0,176.462,329.538,3.0695,0.212317,51.3687,0.416803,1.0,0.803,278.204
27127,6.449,LH2,-1.165,31.278,-2.766,8.275,PI-SIDIS,0.22,2.2,0.5,2.0,73.935,27.717,73.613,27.596,65.085,24.399,401.93,150.67,101.33,37.987,0.998,0.9968,0.9834,0.9751,-1.0,-1.0,-1.0,-1.0,-1.0,1.0,1.0,-999,1955.0,645.308,1309.69,3.36111,0.114903,51.3904,0.431992,1.0,-999,275.962
27128,6.449,LH2,-1.165,31.278,-2.766,8.275,PI-SIDIS,0.22,2.2,0.5,2.0,16.624,27.519,16.56,27.414,14.533,24.058,90.398,149.64,22.607,37.424,0.9982,0.9976,0.9838,0.9745,-1.0,-1.0,-1.0,-1.0,-1.0,1.0,1.0,-999,435.0,145.154,289.846,3.30878,0.241129,51.4217,0.481992,1.0,0.79,274.198
27129,6.449,LH2,-1.165,31.278,-2.766,8.275,PI-SIDIS,0.22,2.2,0.5,2.0,84.539,27.891,84.236,27.791,74.217,24.486,459.46,151.58,115.73,38.183,0.9978,0.9973,0.9834,0.9746,-1.0,-1.0,-1.0,-1.0,-1.0,1.0,1.0,-999,2169.0,739.846,1429.15,3.21076,0.105994,51.4038,0.431815,1.0,-999,278.149
27130,6.449,LH2,-1.165,31.278,-2.766,8.275,PI-SIDIS,0.22,2.2,0.5,2.0,50.39,27.904,50.154,27.773,44.412,24.593,273.34,151.36,69.264,38.355,0.9979,0.9967,0.9838,0.9742,-1.0,-1.0,-1.0,-1.0,-1.0,1.0,1.0,-999,1261.0,433.462,827.538,3.12594,0.135899,51.2717,0.412867,1.0,-999,278.095
27131,6.449,LH2,-1.165,31.278,-2.766,8.275,PI-SIDIS,0.22,2.2,0.5,2.0,52.776,28.031,52.533,27.902,46.516,24.706,286.11,151.96,72.497,38.506,0.998,0.9974,0.9823,0.9744,-1.0,-1.0,-1.0,-1.0,-1.0,1.0,1.0,-999,1289.0,459.692,829.308,2.99192,0.131292,51.2678,0.425328,1.0,-999,279.374
27132,6.449,LH2,-1.165,31.278,-2.766,8.275,PI-SIDIS,0.22,2.2,0.5,2.0,7.83,28.075,7.795,27.952,6.87,24.635,42.485,152.34,10.694,38.346,0.9976,0.9973,0.9719,0.9614,-1.0,-1.0,-1.0,-1.0,1.0,-1.0,1.0,-999,174.0,69.9231,104.077,2.71818,0.349792,51.2461,0.359734,1.0,0.805,279.756
27133,6.449,LH2,-1.165,31.278,-2.766,8.275,PI-SIDIS,0.22,2.2,0.5,2.0,15.674,27.649,15.607,27.53,13.729,24.218,84.909,149.77,21.368,37.693,0.9998,0.9991,0.9702,0.9618,-1.0,-1.0,-1.0,-1.0,1.0,-1.0,1.0,-999,400.0,139.692,260.308,18.4571,1.43702,51.3023,0.380472,1.0,0.796,275.512
27134,6.449,LH2,-1.165,31.278,-2.766,8.275,HMSDIS,0.22,2.2,0.5,2.0,-999,-999,-999,-999,-999,-999,-999,-999,-999,-999,-999,-999,-999,-999,-999,-999,-999,-999,-999,-999,-999,-999,467.0,148.538,318.462,21.3934,1.46937,51.2661,0.413382,1.0,-999,-999
27135,6.449,DUMMY,-1.165,31.278,-2.766,8.275,PI-SIDIS,0.22,2.2,0.5,2.0,81.438,41.304,81.167,41.166,71.899,36.466,298.95,151.62,112.16,56.886,0.999,0.9979,0.9859,0.9773,-1.0,-1.0,-1.0,-1.0,-1.0,1.0,1.0,-999,613.0,145.769,467.231,1.60484,0.0858156,51.2692,0.408001,1.0,0.418,166.828
27136,6.449,DUMMY,-1.165,31.278,-2.766,8.275,PI-SIDIS,0.22,2.2,0.5,2.0,80.818,41.327,80.462,41.145,71.247,36.432,296.33,151.53,110.97,56.75,0.9988,0.9981,0.9863,0.9765,-1.0,-1.0,-1.0,-1.0,-1.0,1.0,1.0,-999,585.0,147.154,437.846,1.51872,0.0847026,51.2703,0.449082,1.0,0.418,166.693
27137,6.449,DUMMY,-1.165,31.278,-2.766,8.275,PI-SIDIS,0.22,2.2,0.5,2.0,79.215,41.355,78.858,41.169,69.384,36.223,290.33,151.57,107.98,56.374,0.9985,0.998,0.986,0.977,-1.0,-1.0,-1.0,-1.0,-1.0,1.0,1.0,-999,613.0,143.154,469.846,1.66306,0.0884196,51.3404,0.371945,1.0,0.419,166.652
27138,6.449,DUMMY,-1.165,31.278,-2.766,8.275,HMSDIS,0.22,2.2,0.5,2.0,37057.18,40.718,36897.56,40.542,32450.888,35.65,136568.57,150.0,50556.741,55.55,0.9998,0.9989,-999,-999,-1.0,-1.0,-1.0,1.0,-1.0,-1.0,0.99983,97.4543,264.0,67.2308,196.769,1.61792,0.134901,51.3711,0.451769,1.0,0.412,164.15
27139,6.449,LH2,-1.165,31.278,-2.766,8.275,PI-SIDIS,0.22,2.2,0.5,2.0,46.425,27.471,46.243,27.363,40.879,24.189,251.75,148.97,63.754,37.725,0.9982,0.997,0.9826,0.9747,-1.0,-1.0,-1.0,-1.0,-1.0,1.0,1.0,-999,1096.0,395.846,700.154,2.86937,0.137546,51.2507,0.422838,1.0,-999,274.496
27140,6.449,LH2,-1.165,31.278,-2.766,8.275,PI-SIDIS,0.22,2.2,0.5,2.0,50.084,27.772,49.917,27.68,44.078,24.442,271.79,150.71,68.655,38.071,0.9979,0.9969,0.9831,0.9751,-1.0,-1.0,-1.0,-1.0,-1.0,1.0,1.0,-999,1264.0,428.615,835.385,3.17077,0.136692,51.2414,0.403273,1.0,-999,277.616
27141,6.449,LH2,-1.165,31.278,-2.766,8.275,PI-SIDIS,0.22,2.2,0.5,2.0,50.787,27.737,50.577,27.623,44.411,24.255,275.19,150.29,69.144,37.763,0.9979,0.997,0.9834,0.975,-1.0,-1.0,-1.0,-1.0,-1.0,1.0,1.0,-999,1277.0,444.154,832.846,3.12252,0.135759,51.3125,0.442923,1.0,-999,276.747
27142,6.449,LH2,-1.165,31.278,-2.766,8.275,PI-SIDIS,0.22,2.2,0.5,2.0,51.764,28.061,51.512,27.924,45.268,24.539,280.45,152.02,70.551,38.245,0.9982,0.9967,0.984,0.9734,-1.0,-1.0,-1.0,-1.0,-1.0,1.0,1.0,-999,1252.0,460.385,791.615,2.91617,0.132178,51.2817,0.393068,1.0,-999,279.697
27143,6.449,LH2,-1.165,31.278,-2.766,8.275,PI-SIDIS,0.22,2.2,0.5,2.0,50.609,27.834,50.38,27.708,44.569,24.512,274.49,150.96,69.519,38.234,0.9978,0.9973,0.984,0.974,-1.0,-1.0,-1.0,-1.0,-1.0,1.0,1.0,-999,1279.0,431.077,847.923,3.19061,0.136305,51.219,0.413083,1.0,-999,277.698
27144,6.449,LH2,-1.165,31.278,-2.766,8.275,PI-SIDIS,0.22,2.2,0.5,2.0,49.546,27.863,49.35,27.753,43.59,24.513,268.16,150.8,67.892,38.18,0.9979,0.9967,0.9831,0.9741,-1.0,-1.0,-1.0,-1.0,-1.0,1.0,1.0,-999,1257.0,427.692,829.308,3.19369,0.13831,51.2274,0.384805,1.0,-999,278.293
27145,6.449,LH2,-1.165,31.278,-2.766,8.275,PI-SIDIS,0.22,2.2,0.5,2.0,45.027,27.783,44.873,27.688,39.447,24.34,243.74,150.39,61.407,37.889,0.9982,0.9966,0.9838,0.9726,-1.0,-1.0,-1.0,-1.0,-1.0,1.0,1.0,-999,1187.0,391.231,795.769,3.37579,0.147996,51.3312,0.440456,1.0,-999,277.565
27146,6.449,LH2,-1.165,31.278,-2.766,8.275,PI-SIDIS,0.22,2.2,0.5,2.0,57.026,27.751,56.805,27.643,49.974,24.319,309.12,150.43,77.896,37.907,0.9978,0.997,0.9818,0.975,-1.0,-1.0,-1.0,-1.0,-1.0,1.0,1.0,-999,1455.0,500.846,954.154,3.18497,0.129001,51.2595,0.403022,1.0,-999,277.186
27147,6.449,LH2,-1.165,31.278,-2.766,8.275,PI-SIDIS,0.22,2.2,0.5,2.0,51.043,28.111,50.797,27.976,44.99,24.777,276.01,152.0,70.17,38.645,0.9982,0.9969,0.9828,0.9753,-1.0,-1.0,-1.0,-1.0,-1.0,1.0,1.0,-999,1284.0,447.385,836.615,3.12545,0.135648,51.2384,0.406447,1.0,-999,280.689
27148,6.449,LH2,-1.165,31.278,-2.766,8.275,PI-SIDIS,0.22,2.2,0.5,2.0,11.328,27.418,11.276,27.293,9.975,24.144,61.431,148.68,15.538,37.607,0.9983,0.9972,0.9821,0.9715,-1.0,-1.0,-1.0,-1.0,-1.0,1.0,1.0,-999,304.0,101.923,202.077,3.40528,0.297579,51.2477,0.39729,1.0,0.789,273.827
27149,6.449,LH2,-1.165,31.278,-2.766,8.275,PI-SIDIS,0.22,2.2,0.5,2.0,31.6,28.008,31.463,27.887,27.698,24.549,171.04,151.59,43.111,38.211,0.9978,0.9962,0.9818,0.972,-1.0,-1.0,-1.0,-1.0,-1.0,1.0,1.0,-999,824.0,278.615,545.385,3.30032,0.175951,51.2519,0.434618,1.0,0.806,279.819
27150,6.449,DUMMY,-1.165,31.278,-2.766,8.275,PI-SIDIS,0.22,2.2,0.5,2.0,72.902,40.782,72.639,40.635,63.804,35.692,268.01,149.93,99.362,55.584,0.9988,0.9972,0.9843,0.9781,-1.0,-1.0,-1.0,-1.0,-1.0,1.0,1.0,-999,536.0,124.846,411.154,1.57434,0.0894403,51.3129,0.385331,1.0,0.413,164.892
27151,6.449,DUMMY,-1.165,31.278,-2.766,8.275,PI-SIDIS,0.22,2.2,0.5,2.0,71.191,41.481,70.959,41.346,62.229,36.26,260.82,151.97,96.951,56.491,0.9987,0.9972,0.9879,0.9749,-1.0,-1.0,-1.0,-1.0,-1.0,1.0,1.0,-999,479.0,129.692,349.308,1.37901,0.087298,51.3196,0.395766,1.0,0.42,167.627
27152,6.449,DUMMY,-1.165,31.278,-2.766,8.275,PI-SIDIS,0.22,2.2,0.5,2.0,60.845,41.348,60.587,41.173,53.442,36.317,222.77,151.38,83.393,56.671,0.9989,0.9974,0.9857,0.9781,-1.0,-1.0,-1.0,-1.0,-1.0,1.0,1.0,-999,413.0,109.615,303.385,1.39745,0.0945599,51.2576,0.345925,1.0,0.419,167.018
27153,6.449,LH2,-1.165,31.278,-2.766,8.275,PI-SIDIS,0.22,2.2,0.5,2.0,16.183,28.041,16.104,27.903,14.251,24.693,87.675,151.91,22.236,38.528,0.998,0.9969,0.984,0.9734,-1.0,-1.0,-1.0,-1.0,-1.0,1.0,1.0,-999,414.0,139.308,274.692,3.23774,0.24291,51.2236,0.411848,1.0,0.807,280.304
27154,6.449,LH2,-1.165,31.278,-2.766,8.275,PI-SIDIS,0.22,2.2,0.5,2.0,55.355,27.891,55.119,27.772,48.588,24.482,299.25,150.78,75.657,38.12,0.9981,0.9965,0.9814,0.9742,-1.0,-1.0,-1.0,-1.0,-1.0,1.0,1.0,-999,1398.0,480.615,917.385,3.16496,0.130689,51.4636,0.450317,1.0,-999,278.729
27155,6.449,LH2,-1.165,31.278,-2.766,8.275,PI-SIDIS,0.22,2.2,0.5,2.0,45.419,27.946,45.238,27.834,39.725,24.442,245.69,151.17,61.867,38.066,0.9981,0.9968,0.9822,0.9724,-1.0,-1.0,-1.0,-1.0,-1.0,1.0,1.0,-999,1169.0,393.692,775.308,3.26384,0.145786,51.5079,0.415237,1.0,-999,279.12
27156,6.449,LH2,-1.165,31.278,4.978,8.275,PI+SIDIS,0.22,2.2,0.9,2.0,77.221,50.016,76.944,49.836,67.835,43.936,229.86,148.88,105.64,68.423,0.9997,0.999,0.9878,0.9827,-1.0,-1.0,-1.0,-1.0,-1.0,1.0,1.0,-999,1920.0,110.154,1809.85,8.02358,0.194685,51.0597,0.428925,1.0,-999,-999
27157,6.449,LH2,-1.165,31.278,4.978,8.275,PI+SIDIS,0.22,2.2,0.9,2.0,22.714,51.665,22.629,51.472,20.008,45.511,66.739,151.8,31.211,70.991,0.9996,0.9986,0.9865,0.9835,-1.0,-1.0,-1.0,-1.0,-1.0,1.0,1.0,-999,588.0,33.0769,554.923,8.46899,0.370873,51.1108,0.418,1.0,1.473,-999
27158,6.449,LH2,-1.165,31.278,4.978,8.275,PI+SIDIS,0.22,2.2,0.9,2.0,71.05,50.339,70.794,50.158,62.674,44.405,210.88,149.41,97.619,69.164,0.9998,0.9988,0.9872,0.9834,-1.0,-1.0,-1.0,-1.0,-1.0,1.0,1.0,-999,1740.0,102.846,1637.15,7.90466,0.201861,51.1163,0.43921,1.0,-999,-999
27159,6.449,LH2,-1.165,31.278,4.978,8.275,HMSDIS,0.22,2.2,0.9,2.0,-999,-999,-999,-999,-999,-999,-999,-999,-999,-999,-999,-999,-999,-999,-999,-999,-999,-999,-999,-999,-999,-999,485.0,29.2308,455.769,13.04,0.631548,51.1062,0.418066,1.0,-999,-999
27160,6.449,DUMMY,-1.165,31.278,4.978,8.275,PI+SIDIS,0.22,2.2,0.9,2.0,83.631,41.291,83.246,41.101,73.334,36.208,306.53,151.34,114.26,56.418,1.0,0.9984,0.9828,0.9824,-1.0,-1.0,-1.0,-1.0,-1.0,1.0,1.0,-999,403.0,6.38462,396.615,4.8527,0.245771,51.1225,0.45388,1.0,0.415,-999
27161,6.449,DUMMY,-1.165,31.278,4.978,8.275,HMSDIS,0.22,2.2,0.9,2.0,-999,-999,-999,-999,-999,-999,-999,-999,-999,-999,-999,-999,-999,-999,-999,-999,-999,-999,-999,-999,-999,-999,116.0,1.61538,114.385,2.94024,0.276998,51.1429,0.466231,1.0,-999,-999
27162,6.449,LH2,-1.165,31.278,2.766,8.275,PI+SIDIS,0.22,2.2,0.5,2.0,13.663,19.783,13.605,19.701,11.941,17.291,76.495,110.76,18.603,26.937,0.9999,0.998,0.9784,0.9815,-1.0,-1.0,-1.0,-1.0,-1.0,1.0,1.0,-999,538.0,108.462,429.538,32.2602,1.75549,51.0904,0.434611,1.0,0.568,-999
27163,6.449,LH2,-1.165,31.278,2.766,8.275,PI+SIDIS,0.22,2.2,0.5,2.0,50.249,30.916,50.023,30.777,43.965,27.05,245.24,150.89,68.513,42.154,0.9999,0.9987,0.9763,0.9795,-1.0,-1.0,-1.0,-1.0,-1.0,1.0,1.0,-999,2190.0,648.385,1541.62,31.591,0.969839,51.1777,0.395895,1.0,-999,-999
27164,6.449,LH2,-1.165,31.278,2.766,8.275,PI+SIDIS,0.22,2.2,0.5,2.0,49.332,30.9,49.117,30.765,43.43,27.203,240.91,150.9,67.77,42.449,0.9998,0.9986,0.9809,0.9792,-1.0,-1.0,-1.0,-1.0,-1.0,1.0,1.0,-999,2223.0,616.385,1606.62,33.5438,0.994838,51.1419,0.417855,1.0,-999,-999
27165,6.449,LH2,-1.165,31.278,2.766,8.275,PI+SIDIS,0.22,2.2,0.5,2.0,49.382,30.722,49.141,30.572,43.582,27.113,240.97,149.91,67.953,42.275,0.9998,0.9986,0.9795,0.9797,-1.0,-1.0,-1.0,-1.0,-1.0,1.0,1.0,-999,2174.0,624.846,1549.15,32.3118,0.983208,51.1134,0.422118,1.0,-999,-999
27166,6.449,LH2,-1.165,31.278,2.766,8.275,PI+SIDIS,0.22,2.2,0.5,2.0,54.028,31.046,53.756,30.889,47.411,27.243,263.26,151.27,73.787,42.399,0.9998,0.9985,0.9771,0.9789,-1.0,-1.0,-1.0,-1.0,-1.0,1.0,1.0,-999,2296.0,683.231,1612.77,30.776,0.924785,51.1753,0.414652,1.0,-999,-999
27167,6.449,LH2,-1.165,31.278,2.766,8.275,PI+SIDIS,0.22,2.2,0.5,2.0,53.624,30.894,53.361,30.742,46.948,27.048,261.64,150.74,73.136,42.135,0.9999,0.9983,0.9801,0.9785,-1.0,-1.0,-1.0,-1.0,-1.0,1.0,1.0,-999,2401.0,679.615,1721.38,33.1022,0.952471,51.1558,0.423427,1.0,-999,-999
27168,6.449,LH2,-1.165,31.278,2.766,8.275,PI+SIDIS,0.22,2.2,0.5,2.0,54.418,30.944,54.155,30.795,47.844,27.206,265.52,150.98,74.616,42.43,0.9999,0.9987,0.9789,0.9794,-1.0,-1.0,-1.0,-1.0,-1.0,1.0,1.0,-999,2423.0,687.692,1735.31,32.8501,0.941947,51.0435,0.426107,1.0,-999,-999
27169,6.449,LH2,-1.165,31.278,2.766,8.275,PI+SIDIS,0.22,2.2,0.5,2.0,48.939,30.863,48.719,30.724,43.122,27.194,239.06,150.76,67.234,42.4,0.9999,0.9986,0.9789,0.9787,-1.0,-1.0,-1.0,-1.0,-1.0,1.0,1.0,-999,2151.0,614.923,1536.08,32.3471,0.987337,51.0429,0.415664,1.0,-999,-999
27170,6.449,LH2,-1.165,31.278,2.766,8.275,PI+SIDIS,0.22,2.2,0.5,2.0,46.171,30.615,45.971,30.482,40.714,26.997,225.92,149.8,63.461,42.079,0.9998,0.9987,0.9803,0.9793,-1.0,-1.0,-1.0,-1.0,-1.0,1.0,1.0,-999,2130.0,584.385,1545.62,34.4763,1.04026,51.016,0.427142,1.0,-999,-999
27171,6.449,LH2,-1.165,31.278,2.766,8.275,PI+SIDIS,0.22,2.2,0.5,2.0,15.733,31.282,15.655,31.126,13.865,27.567,76.621,152.34,21.608,42.962,0.9997,0.9986,0.968,0.9668,-1.0,-1.0,-1.0,-1.0,1.0,-1.0,1.0,-999,683.0,208.0,475.0,33.5111,1.86523,50.9805,0.414605,1.0,0.892,-999
27172,6.449,LH2,-1.165,31.278,2.766,8.275,PI+SIDIS,0.22,2.2,0.5,2.0,32.358,31.165,32.189,31.002,28.503,27.452,158.17,152.33,44.414,42.776,0.9998,0.9987,0.9786,0.9811,-1.0,-1.0,-1.0,-1.0,-1.0,1.0,1.0,-999,1390.0,412.231,977.769,31.0898,1.19891,50.9993,0.440912,1.0,0.891,-999
27173,6.449,LH2,-1.165,31.278,2.766,8.275,PI+SIDIS,0.22,2.2,0.5,2.0,30.519,31.031,30.363,30.872,26.884,27.335,148.93,151.42,41.881,42.584,0.9999,0.9985,0.9759,0.9803,-1.0,-1.0,-1.0,-1.0,-1.0,1.0,1.0,-999,1349.0,392.0,957.0,6.58156,0.255401,51.0169,0.414267,1.0,0.888,-999
27174,6.449,LH2,-1.165,31.278,2.766,8.275,HMSDIS,0.22,2.2,0.5,2.0,-999,-999,-999,-999,-999,-999,-999,-999,-999,-999,-999,-999,-999,-999,-999,-999,-999,-999,-999,-999,-999,-999,-999,-999,-999,-999,-999,-999,-999,1.0,-999,-999
27175,6.449,LH2,-1.165,31.278,2.766,8.275,HMSDIS,0.22,2.2,0.5,2.0,-999,-999,-999,-999,-999,-999,-999,-999,-999,-999,-999,-999,-999,-999,-999,-999,-999,-999,-999,-999,-999,-999,49.0,13.8462,35.1538,0.438311,0.088222,51.0228,0.41234,1.0,-999,-999
27176,6.449,DUMMY,-1.165,31.278,2.766,8.275,PI+SIDIS,0.22,2.2,0.5,2.0,72.616,41.1,72.302,40.922,64.069,36.263,266.77,150.99,99.851,56.515,0.9999,0.999,0.9851,0.9852,-1.0,-1.0,-1.0,-1.0,-1.0,1.0,1.0,-999,795.0,145.308,649.692,2.47749,0.108273,51.0267,0.420526,1.0,0.414,-999
27177,6.449,DUMMY,-1.165,31.278,2.766,8.275,PI+SIDIS,0.22,2.2,0.5,2.0,69.443,40.568,69.107,40.371,61.245,35.779,256.09,149.6,95.446,55.758,0.9997,0.9991,0.9835,0.9838,-1.0,-1.0,-1.0,-1.0,-1.0,1.0,1.0,-999,722.0,141.0,581.0,2.31174,0.107713,51.0581,0.417209,1.0,0.408,-999
27178,6.449,DUMMY,-1.165,31.278,2.766,8.275,PI+SIDIS,0.22,2.2,0.5,2.0,72.184,40.92,71.804,40.705,63.629,36.071,265.71,150.63,99.164,56.215,0.9999,0.9987,0.9859,0.9853,-1.0,-1.0,-1.0,-1.0,-1.0,1.0,1.0,-999,760.0,143.0,617.0,2.36197,0.106296,51.0481,0.411252,1.0,0.411,-999
27179,6.449,DUMMY,-1.165,31.278,2.766,8.275,HMSDIS,0.22,2.2,0.5,2.0,-999,-999,-999,-999,-999,-999,-999,-999,-999,-999,-999,-999,-999,-999,-999,-999,-999,-999,-999,-999,-999,-999,460.0,83.6923,376.308,2.76456,0.158664,51.0013,0.436992,1.0,-999,-999
27180,6.449,LH2,-1.165,31.278,2.766,8.275,PI+SIDIS,0.22,2.2,0.5,2.0,51.946,30.771,51.69,30.62,45.72,27.083,253.9,150.4,71.226,42.192,0.9998,0.9991,0.9799,0.9816,-1.0,-1.0,-1.0,-1.0,-1.0,1.0,1.0,-999,2210.0,668.077,1541.92,6.21259,0.191601,51.0091,0.43506,1.0,-999,-999
27181,6.449,LH2,-1.165,31.278,2.766,8.275,PI+SIDIS,0.22,2.2,0.5,2.0,45.888,30.824,45.676,30.681,40.398,27.136,224.65,150.9,62.932,42.272,0.9998,0.999,0.9802,0.9822,-1.0,-1.0,-1.0,-1.0,-1.0,1.0,1.0,-999,2086.0,593.077,1492.92,6.79428,0.210117,51.0092,0.42542,1.0,-999,-999
27182,6.449,LH2,-1.165,31.278,2.766,8.275,PI+SIDIS,0.22,2.2,0.5,2.0,55.06,31.034,54.776,30.874,48.453,27.31,269.46,151.88,75.471,42.538,0.9998,0.9989,0.9816,0.9819,-1.0,-1.0,-1.0,-1.0,-1.0,1.0,1.0,-999,2474.0,691.538,1782.46,6.76494,0.190793,51.0239,0.426532,1.0,-999,-999
27183,6.449,LH2,-1.165,31.278,2.766,8.275,PI+SIDIS,0.22,2.2,0.5,2.0,56.852,30.833,56.537,30.662,50.024,27.13,278.02,150.78,77.906,42.251,0.9999,0.9992,0.9797,0.9821,-1.0,-1.0,-1.0,-1.0,-1.0,1.0,1.0,-999,2570.0,723.231,1846.77,6.79129,0.188433,51.017,0.428601,1.0,-999,-999
27184,6.449,LH2,-1.165,31.278,2.766,8.275,PI+SIDIS,0.22,2.2,0.5,2.0,56.783,30.862,56.482,30.699,49.989,27.17,278.07,151.13,77.856,42.316,0.9998,0.999,0.9824,0.9824,-1.0,-1.0,-1.0,-1.0,-1.0,1.0,1.0,-999,2482.0,713.308,1768.69,6.50149,0.185144,51.0375,0.436389,1.0,-999,-999
27185,6.449,LH2,-1.165,31.278,2.766,8.275,PI+SIDIS,0.22,2.2,0.5,2.0,59.6,31.122,59.302,30.966,52.478,27.402,291.74,152.33,81.732,42.678,0.9998,0.9991,0.9832,0.983,-1.0,-1.0,-1.0,-1.0,-1.0,1.0,1.0,-999,2674.0,763.154,1910.85,6.6909,0.183044,50.9998,0.437003,1.0,-999,-999
27186,6.449,DUMMY,-1.165,31.278,2.766,8.275,PI+SIDIS,0.22,2.2,0.5,2.0,76.157,40.848,75.81,40.662,67.197,36.042,280.83,150.62,104.68,56.15,0.9998,0.9993,0.9861,0.9842,-1.0,-1.0,-1.0,-1.0,-1.0,1.0,1.0,-999,799.0,151.077,647.923,2.34973,0.103253,51.0465,0.399428,1.0,0.412,-999
27187,6.449,DUMMY,-1.165,31.278,2.766,8.275,PI+SIDIS,0.22,2.2,0.5,2.0,52.399,40.548,52.125,40.336,46.243,35.784,193.45,149.7,72.035,55.743,0.9999,0.9993,0.9852,0.9848,-1.0,-1.0,-1.0,-1.0,-1.0,1.0,1.0,-999,575.0,109.769,465.231,2.44792,0.127095,51.0285,0.429351,1.0,0.408,-999
27188,6.449,DUMMY,-1.165,31.278,2.766,8.275,PI+SIDIS,0.22,2.2,0.5,2.0,94.898,40.89,94.427,40.688,83.843,36.127,349.56,150.62,130.58,56.266,0.9998,0.9989,0.986,0.986,-1.0,-1.0,-1.0,-1.0,-1.0,1.0,1.0,-999,1051.0,194.538,856.462,2.49078,0.0949508,51.0419,0.420885,1.0,0.412,-999
27189,6.449,LH2,-1.165,44.83,5.154,10.24,PI+SIDIS,0.44,4.4,0.9,2.0,39.375,46.561,39.25,46.413,34.606,40.921,121.16,143.27,53.873,63.705,0.9987,1.0,0.9872,0.983,-1.0,-1.0,-1.0,-1.0,-1.0,1.0,1.0,-999,132.0,2.0,130.0,1.09572,0.0968939,51.0683,0.729449,1.0,0.165,-999
27190,6.449,LH2,-1.165,44.83,5.154,10.24,PI+SIDIS,0.44,4.4,0.9,2.0,83.56,50.743,83.26,50.561,73.746,44.783,247.91,150.55,114.95,69.808,1.0,0.9993,0.9949,0.981,-1.0,-1.0,-1.0,-1.0,-1.0,1.0,1.0,-999,272.0,5.23077,266.769,1.0988,0.0679808,51.1215,0.381671,1.0,0.178,-999
27191,6.449,LH2,-1.165,44.83,5.154,10.24,PI+SIDIS,0.44,4.4,0.9,2.0,104.97,54.313,104.6,54.12,93.021,48.126,290.95,150.53,144.94,74.992,0.9995,0.9995,0.996,0.9825,-1.0,-1.0,-1.0,-1.0,-1.0,1.0,1.0,-999,348.0,5.07692,342.923,1.20192,0.06542,51.0422,0.417237,1.0,0.191,-999
27192,6.449,LH2,-1.165,44.83,5.154,10.24,HMSDIS,0.44,4.4,0.9,2.0,49816.134,55.732,49667.423,55.566,44228.382,49.48,134606.02,150.5,68895.559,77.07,0.9999,0.9993,-999,-999,-1.0,-1.0,-1.0,1.0,-1.0,-1.0,1.0,99.5362,-999,-999,-999,-999,-999,-999,-999,1.0,0.196,-999
27194,6.449,LH2,-1.165,44.83,5.154,10.24,HMSDIS,0.44,4.4,0.9,2.0,-999,-999,-999,-999,-999,-999,-999,-999,-999,-999,-999,-999,-999,-999,-999,-999,-999,-999,-999,-999,-999,-999,-999,-999,-999,-999,-999,-999,-999,1.0,-999,-999
27195,6.449,DUMMY,-1.165,44.83,5.154,10.24,PI+SIDIS,0.44,4.4,0.9,2.0,62.46,41.278,62.194,41.103,54.692,36.145,229.73,151.82,85.189,56.3,1.0,1.0,1.0,0.9755,-1.0,-1.0,-1.0,-1.0,-1.0,1.0,1.0,-999,34.0,0.0,34.0,0.152147,0.0260931,51.2025,0.536531,1.0,0.053,-999
27196,6.449,DUMMY,-1.165,44.83,5.154,10.24,PI+SIDIS,0.44,4.4,0.9,2.0,70.297,41.203,69.936,40.992,61.913,36.289,258.33,151.41,96.475,56.547,0.9932,0.9925,0.9231,0.9895,-1.0,-1.0,-1.0,-1.0,-1.0,1.0,1.0,-999,36.0,0.230769,35.7692,0.141237,0.0236972,51.0897,0.503552,1.0,0.052,-999
27197,6.449,DUMMY,-1.165,44.83,5.154,10.24,HMSDIS,0.44,4.4,0.9,2.0,36507.947,41.577,36319.804,41.362,32203.258,36.67,133766.34,152.3,50176.202,57.14,0.9998,0.9992,-999,-999,-1.0,-1.0,-1.0,1.0,-1.0,-1.0,0.99992,99.918,-999,-999,-999,-999,-999,-999,-999,1.0,-999,-999
27198,6.449,LH2,-1.165,44.83,5.154,10.24,PI+SIDIS,0.44,4.4,0.9,2.0,90.278,55.021,90.005,54.854,80.105,48.821,245.49,149.61,124.73,76.019,1.0,0.9989,0.9957,0.9846,-1.0,-1.0,-1.0,-1.0,-1.0,1.0,1.0,-999,285.0,4.23077,280.769,1.1633,0.069986,51.0288,0.400489,1.0,0.193,-999
27199,6.449,LH2,-1.165,44.83,5.154,10.24,PI+SIDIS,0.44,4.4,0.9,2.0,99.527,56.553,99.268,56.406,87.76,49.867,267.56,152.03,136.45,77.538,0.9995,0.9978,0.9847,0.9861,-1.0,-1.0,-1.0,-1.0,-1.0,1.0,1.0,-999,328.0,5.53846,322.462,1.22442,0.0688132,51.0886,0.392364,1.0,0.198,-999
27200,6.449,DUMMY,-1.165,44.83,5.154,10.24,PI+SIDIS,0.44,4.4,0.9,2.0,74.092,41.14,73.78,40.967,64.813,35.988,272.6,151.36,100.92,56.041,1.0,0.9923,1.0,0.9888,-1.0,-1.0,-1.0,-1.0,-1.0,1.0,1.0,-999,38.0,0.384615,37.6154,0.139898,0.0229354,51.1347,0.362948,1.0,0.052,-999
27201,6.449,LH2,-1.165,44.83,3.837,10.24,PI+SIDIS,0.44,4.4,0.67,2.0,108.72,60.553,108.42,60.386,96.252,53.606,269.87,150.3,150.01,83.551,0.9999,0.9984,0.9814,0.9841,-1.0,-1.0,-1.0,-1.0,-1.0,1.0,1.0,-999,548.0,49.3846,498.615,4.68611,0.220769,51.0873,0.424946,1.0,0.211,-999
27202,6.449,LH2,-1.165,44.83,3.837,10.24,PI+SIDIS,0.44,4.4,0.67,2.0,106.91,65.326,106.77,65.24,94.412,57.688,245.58,150.06,146.42,89.472,0.9999,0.9987,0.9851,0.9801,-1.0,-1.0,-1.0,-1.0,-1.0,1.0,1.0,-999,499.0,51.6923,447.308,4.28684,0.214934,51.089,0.442576,1.0,0.227,-999
27203,6.449,LH2,-1.165,44.83,3.837,10.24,PI+SIDIS,0.44,4.4,0.67,2.0,116.34,67.15,116.49,67.239,98.13,56.639,257.76,148.77,150.44,86.832,0.9998,0.9988,0.985,0.9804,-1.0,-1.0,-1.0,-1.0,-1.0,1.0,1.0,-999,532.0,61.6154,470.385,4.13142,0.203483,51.2178,0.449757,1.0,0.232,-999
27204,6.449,LH2,-1.165,44.83,3.837,10.24,PI+SIDIS,0.44,4.4,0.67,2.0,127.77,70.403,128.25,70.668,104.87,57.787,275.54,151.82,162.23,89.388,0.9999,0.9988,0.9822,0.9817,-1.0,-1.0,-1.0,-1.0,-1.0,1.0,1.0,-999,582.0,65.5385,516.462,4.11413,0.193008,50.9978,0.854658,1.0,0.242,-999
27206,6.449,LH2,-1.165,44.83,3.837,10.24,PI+SIDIS,0.44,4.4,0.67,2.0,118.72,69.736,119.15,69.989,95.333,55.998,257.67,151.35,148.47,87.213,0.9999,0.9997,0.9852,0.98,-1.0,-1.0,-1.0,-1.0,-1.0,1.0,1.0,-999,481.0,64.9231,416.077,3.57392,0.189359,50.1775,1.11673,1.0,0.241,-999
27208,6.449,LH2,-1.165,44.83,3.837,10.24,PI+SIDIS,0.44,4.4,0.67,2.0,104.53,65.173,104.81,65.349,84.932,52.954,235.39,146.76,132.02,82.314,0.9998,0.999,0.9879,0.9792,-1.0,-1.0,-1.0,-1.0,-1.0,1.0,1.0,-999,494.0,53.0769,440.923,4.30987,0.218149,49.6336,0.485255,1.0,0.225,-999
27209,6.449,LH2,-1.165,44.83,3.837,10.24,PI+SIDIS,0.44,4.4,0.67,2.0,120.52,69.603,120.96,69.86,96.662,55.824,261.76,151.17,150.57,86.962,0.9999,0.9989,0.9831,0.9816,-1.0,-1.0,-1.0,-1.0,-1.0,1.0,1.0,-999,505.0,63.0,442.0,3.7335,0.190728,49.2078,0.566948,1.0,0.241,-999
27210,6.449,LH2,-1.165,44.83,3.837,10.24,PI+SIDIS,0.44,4.4,0.67,2.0,114.19,68.495,114.63,68.761,90.233,54.124,250.02,149.96,139.54,83.699,0.9999,0.9984,0.9802,0.981,-1.0,-1.0,-1.0,-1.0,-1.0,1.0,1.0,-999,515.0,62.0769,452.923,4.03958,0.203338,49.7159,0.554037,1.0,0.236,-999
27211,6.449,LH2,-1.165,44.83,3.837,10.24,PI+SIDIS,0.44,4.4,0.67,2.0,108.72,67.899,109.01,68.082,88.323,55.159,239.13,149.34,141.44,88.335,0.9997,0.9982,0.9859,0.9786,-1.0,-1.0,-1.0,-1.0,-1.0,1.0,1.0,-999,490.0,54.0769,435.923,4.0994,0.209047,49.9391,0.464296,1.0,0.235,-999
27212,6.449,LH2,-1.165,44.83,3.837,10.24,PI+SIDIS,0.44,4.4,0.67,2.0,107.88,68.813,108.0,68.889,92.039,58.707,235.78,150.39,143.69,91.657,1.0,0.999,0.9835,0.977,-1.0,-1.0,-1.0,-1.0,-1.0,1.0,1.0,-999,429.0,56.0769,372.923,3.54456,0.197854,49.8657,0.466448,1.0,0.238,-999
27213,6.449,LH2,-1.165,44.83,3.837,10.24,PI+SIDIS,0.44,4.4,0.67,2.0,120.0,68.844,120.13,68.919,103.09,59.143,262.11,150.36,159.96,91.767,0.9997,0.9991,0.9781,0.9747,-1.0,-1.0,-1.0,-1.0,1.0,-1.0,1.0,-999,585.0,62.6154,522.385,4.62447,0.214996,50.0387,0.411104,1.0,0.238,-999
27214,6.449,LH2,-1.165,44.83,3.837,10.24,HMSDIS,0.44,4.4,0.67,2.0,61620.157,69.002,61705.906,69.098,52863.522,59.19,134535.94,150.6,82129.408,91.96,0.9999,0.9989,-999,-999,-1.0,-1.0,-1.0,1.0,-1.0,-1.0,0.99996,97.6274,-999,-999,-999,-999,-999,-999,-999,1.0,0.238,-999
27215,6.449,LH2,-1.165,44.83,3.837,10.24,HMSDIS,0.44,4.4,0.67,2.0,44523.941,70.771,44605.225,70.901,38536.324,61.25,95851.26,152.3,59267.532,94.2,0.9998,0.9991,-999,-999,-1.0,-1.0,5.0,-1.0,-1.0,-1.0,1.0,97.6031,-999,-999,-999,-999,-999,-999,-999,1.0,0.245,-999
27216,6.449,DUMMY,-1.165,44.83,3.837,10.24,PI+SIDIS,0.44,4.4,0.67,2.0,71.693,40.282,71.523,40.186,62.535,35.136,269.48,151.41,97.461,54.76,1.0,1.0,0.9825,0.9752,-1.0,-1.0,-1.0,-1.0,-1.0,1.0,1.0,-999,78.0,1.61538,76.3846,0.291459,0.0337259,50.0,0.424674,1.0,0.051,-999
27217,6.449,DUMMY,-1.165,44.83,3.837,10.24,PI+SIDIS,0.44,4.4,0.67,2.0,74.486,40.625,74.26,40.502,65.019,35.461,279.34,152.35,101.25,55.225,1.0,1.0,0.9865,0.9745,-1.0,-1.0,-1.0,-1.0,-1.0,1.0,1.0,-999,82.0,0.769231,81.2308,1.12551,0.125514,49.864,0.439608,1.0,0.051,-999
27218,6.449,DUMMY,-1.165,44.83,3.837,10.24,PI+SIDIS,0.44,4.4,0.67,2.0,66.21,40.088,65.965,39.939,57.813,35.004,248.84,150.66,89.974,54.475,1.0,0.9959,0.9722,0.9694,-1.0,-1.0,-1.0,-1.0,-1.0,1.0,1.0,-999,66.0,0.615385,65.3846,1.02547,0.127461,49.9646,0.433765,1.0,0.051,-999
27219,6.449,DUMMY,-1.165,44.83,3.837,10.24,PI+SIDIS,0.44,4.4,0.67,2.0,66.061,39.817,65.832,39.679,57.718,34.788,248.87,150.0,89.819,54.137,1.0,0.9981,0.9861,0.9702,-1.0,-1.0,-1.0,-1.0,-1.0,1.0,1.0,-999,70.0,1.15385,68.8462,1.08101,0.131454,49.799,0.296177,1.0,0.051,-999
27220,6.449,DUMMY,-1.165,44.83,3.837,10.24,HMSDIS,0.44,4.4,0.67,2.0,37678.254,40.594,37554.603,40.46,32932.229,35.48,141409.23,152.3,51236.852,55.2,0.9999,0.9992,-999,-999,-1.0,-1.0,-1.0,1.0,-1.0,-1.0,0.99989,99.6595,-999,-999,-999,-999,-999,-999,-999,1.0,-999,-999
27221,6.449,LH2,-1.165,44.83,3.837,10.24,PI+SIDIS,0.44,4.4,0.67,2.0,74.176,62.868,74.216,62.902,65.179,55.242,170.1,144.17,98.353,83.359,1.0,0.9985,0.9876,0.9812,-1.0,-1.0,-1.0,-1.0,-1.0,1.0,1.0,-999,348.0,38.0769,309.923,4.2713,0.258176,49.7921,0.456881,1.0,0.217,-999
27222,6.449,LH2,-1.165,44.83,3.837,10.24,PI+SIDIS,0.44,4.4,0.67,2.0,112.76,67.976,112.82,68.014,99.12,59.751,247.69,149.31,150.0,90.426,1.0,0.9993,0.9784,0.9813,-1.0,-1.0,-1.0,-1.0,-1.0,1.0,1.0,-999,511.0,59.3846,451.615,4.09066,0.205668,49.7711,0.407519,1.0,0.235,-999
27223,6.449,LH2,-1.165,44.83,3.837,10.24,PI+SIDIS,0.44,4.4,0.67,2.0,111.67,67.467,111.64,67.453,98.162,59.306,246.55,148.95,148.27,89.58,1.0,0.9994,0.9915,0.9818,-1.0,-1.0,-1.0,-1.0,-1.0,1.0,1.0,-999,560.0,55.2308,504.769,4.61859,0.217346,49.6488,0.420403,1.0,0.233,-999
27224,6.449,LH2,-1.165,44.83,3.837,10.24,PI+SIDIS,0.44,4.4,0.67,2.0,120.71,69.211,120.69,69.202,106.2,60.895,262.97,150.77,160.53,92.042,0.9999,0.9994,0.9845,0.9799,-1.0,-1.0,-1.0,-1.0,-1.0,1.0,1.0,-999,612.0,65.5385,546.462,4.63408,0.21065,49.5634,0.3988,1.0,0.238,-999
27225,6.449,LH2,-1.165,44.83,3.837,10.24,PI+SIDIS,0.44,4.4,0.67,2.0,118.96,69.084,119.0,69.107,104.83,60.881,259.51,150.7,158.53,92.066,0.9998,0.9994,0.9892,0.9792,-1.0,-1.0,-1.0,-1.0,-1.0,1.0,1.0,-999,549.0,58.1538,490.846,4.22502,0.202503,49.3946,0.4178,1.0,0.237,-999
27226,6.449,LH2,-1.165,44.83,3.837,10.24,PI+SIDIS,0.44,4.4,0.67,2.0,120.7,69.505,120.77,69.547,106.52,61.339,262.49,151.15,160.76,92.572,0.9998,0.9994,0.9814,0.9813,-1.0,-1.0,-1.0,-1.0,-1.0,1.0,1.0,-999,577.0,59.3077,517.692,4.38139,0.204098,49.0874,0.449593,1.0,0.239,-999
27227,6.449,LH2,-1.165,44.83,3.837,10.24,PI+SIDIS,0.44,4.4,0.67,2.0,133.28,68.138,133.34,68.167,117.71,60.176,292.62,149.59,177.29,90.633,0.9999,0.9996,0.9861,0.9801,-1.0,-1.0,-1.0,-1.0,-1.0,1.0,1.0,-999,617.0,71.3077,545.692,4.18814,0.191486,48.2625,0.935638,1.0,0.235,-999
27228,6.449,LH2,-1.165,44.83,3.837,10.24,PI+SIDIS,0.44,4.4,0.67,2.0,119.27,68.575,119.22,68.544,105.34,60.566,260.81,149.95,158.68,91.231,1.0,0.9995,0.9844,0.9803,-1.0,-1.0,-1.0,-1.0,-1.0,1.0,1.0,-999,527.0,59.6154,467.385,4.01052,0.197839,47.3372,0.471757,1.0,0.236,-999
27229,6.449,LH2,-1.165,44.83,3.837,10.24,PI+SIDIS,0.44,4.4,0.67,2.0,114.33,68.031,114.29,68.012,101.06,60.139,251.06,149.39,152.13,90.527,1.0,0.999,0.9857,0.9818,-1.0,-1.0,-1.0,-1.0,-1.0,1.0,1.0,-999,547.0,59.6923,487.308,4.35515,0.209898,46.6957,0.591903,1.0,0.235,-999
27230,6.449,LH2,-1.165,44.83,3.837,10.24,PI+SIDIS,0.44,4.4,0.67,2.0,121.76,69.186,121.76,69.184,107.73,61.212,265.44,150.82,162.07,92.089,0.9999,0.9993,0.9876,0.9824,-1.0,-1.0,-1.0,-1.0,-1.0,1.0,1.0,-999,605.0,66.1538,538.846,4.51772,0.207086,46.3235,0.571856,1.0,0.238,-999
27231,6.449,LH2,-1.165,44.83,3.837,10.24,PI+SIDIS,0.44,4.4,0.67,2.0,119.1,69.001,119.14,69.023,105.51,61.123,259.83,150.52,158.61,91.887,1.0,0.9993,0.9886,0.9827,-1.0,-1.0,-1.0,-1.0,-1.0,1.0,1.0,-999,558.0,61.6923,496.308,4.25093,0.203184,46.0034,0.662103,1.0,0.237,-999
27232,6.449,DUMMY,-1.165,44.83,3.837,10.24,PI+SIDIS,0.44,4.4,0.67,2.0,73.639,40.563,73.407,40.435,64.989,35.798,276.56,152.34,101.31,55.805,1.0,0.9981,0.9733,0.9729,-1.0,-1.0,-1.0,-1.0,-1.0,1.0,1.0,-999,69.0,2.15385,66.8462,0.938505,0.116763,47.5662,0.400796,1.0,0.051,-999
27233,6.449,DUMMY,-1.165,44.83,3.837,10.24,PI+SIDIS,0.44,4.4,0.67,2.0,64.457,39.556,64.198,39.397,56.895,34.916,243.28,149.29,88.707,54.438,1.0,1.0,0.9492,0.9761,-1.0,-1.0,-1.0,-1.0,-1.0,1.0,1.0,-999,46.0,1.30769,44.6923,0.715378,0.108682,48.4512,0.416494,1.0,0.05,-999
27234,6.449,DUMMY,-1.165,44.83,3.837,10.24,PI+SIDIS,0.44,4.4,0.67,2.0,63.428,39.632,63.177,39.475,56.043,35.018,239.54,149.67,87.383,54.6,1.0,1.0,1.0,0.9741,-1.0,-1.0,-1.0,-1.0,-1.0,1.0,1.0,-999,57.0,1.15385,55.8462,0.910311,0.123161,49.3879,0.399327,1.0,0.051,-999
27235,6.449,DUMMY,-1.165,44.83,3.837,10.24,PI+SIDIS,0.44,4.4,0.67,2.0,69.228,40.023,68.965,39.871,61.208,35.387,260.71,150.73,95.431,55.173,0.9973,1.0,0.9634,0.9762,-1.0,-1.0,-1.0,-1.0,-1.0,1.0,1.0,-999,61.0,1.38462,59.6154,0.890429,0.116757,49.75,0.356987,1.0,0.051,-999
27236,6.449,LD2,-1.165,44.83,2.978,10.24,PI+SIDIS,0.44,4.4,0.52,2.0,24.411,23.798,24.322,23.711,21.576,21.034,135.24,131.85,33.622,32.777,0.9998,0.9988,0.9811,0.9809,-1.0,-1.0,-1.0,-1.0,-1.0,1.0,1.0,-999,208.0,45.4615,162.538,6.83753,0.61178,49.8396,0.447648,1.0,0.154,-999
27237,6.449,LD2,-1.165,44.83,2.978,10.24,PI+SIDIS,0.44,4.4,0.52,2.0,50.101,29.168,49.879,29.039,44.29,25.786,259.22,150.92,69.056,40.204,0.9998,0.9993,0.9808,0.9799,-1.0,-1.0,-1.0,-1.0,-1.0,1.0,1.0,-999,443.0,105.846,337.154,6.92522,0.436277,49.9025,0.424638,1.0,0.186,-999
27238,6.449,LD2,-1.165,44.83,2.978,10.24,PI+SIDIS,0.44,4.4,0.52,2.0,49.088,29.05,48.889,28.932,43.437,25.706,254.13,150.39,67.735,40.085,0.9998,0.9993,0.983,0.9809,-1.0,-1.0,-1.0,-1.0,-1.0,1.0,1.0,-999,466.0,116.077,349.923,7.32599,0.456255,49.97,0.41005,1.0,0.187,-999
27239,6.449,LD2,-1.165,44.83,2.978,10.24,PI+SIDIS,0.44,4.4,0.52,2.0,47.454,29.055,47.27,28.942,42.019,25.727,245.7,150.43,65.534,40.125,1.0,0.999,0.9806,0.9821,-1.0,-1.0,-1.0,-1.0,-1.0,1.0,1.0,-999,438.0,102.692,335.308,7.25,0.456576,50.0154,0.434071,1.0,0.186,-999
27240,6.449,LD2,-1.165,44.83,2.978,10.24,PI+SIDIS,0.44,4.4,0.52,2.0,53.354,29.242,53.163,29.137,47.215,25.877,276.2,151.38,73.567,40.32,0.9998,0.9993,0.9829,0.9816,-1.0,-1.0,-1.0,-1.0,-1.0,1.0,1.0,-999,525.0,119.692,405.308,7.79778,0.444673,50.0566,0.394492,1.0,0.188,-999
27241,6.449,LD2,-1.165,44.83,2.978,10.24,PI+SIDIS,0.44,4.4,0.52,2.0,52.801,29.076,52.627,28.98,46.374,25.536,273.63,150.68,71.99,39.642,0.9999,0.9993,0.9808,0.9801,-1.0,-1.0,-1.0,-1.0,-1.0,1.0,1.0,-999,466.0,113.0,353.0,6.87046,0.42405,50.091,0.44638,1.0,0.187,-999
27242,6.449,LD2,-1.165,44.83,2.978,10.24,PI+SIDIS,0.44,4.4,0.52,2.0,51.177,29.334,50.977,29.219,44.956,25.768,265.05,151.92,69.938,40.087,0.9995,0.9989,0.9833,0.981,-1.0,-1.0,-1.0,-1.0,-1.0,1.0,1.0,-999,471.0,113.154,357.846,7.18638,0.439846,50.0984,0.40849,1.0,0.188,-999
27243,6.449,LD2,-1.165,44.83,2.978,10.24,PI+SIDIS,0.44,4.4,0.52,2.0,51.241,29.217,51.015,29.089,45.178,25.76,264.93,151.06,70.422,40.155,1.0,0.9989,0.9815,0.9814,-1.0,-1.0,-1.0,-1.0,-1.0,1.0,1.0,-999,454.0,112.308,341.692,6.85075,0.431245,50.1014,0.41501,1.0,0.187,-999
27244,6.449,LD2,-1.165,44.83,2.978,10.24,PI+SIDIS,0.44,4.4,0.52,2.0,52.991,29.161,52.776,29.043,46.855,25.785,274.18,150.88,73.038,40.193,0.9998,0.999,0.984,0.9814,-1.0,-1.0,-1.0,-1.0,-1.0,1.0,1.0,-999,511.0,113.615,397.385,7.70299,0.441917,50.0618,0.418083,1.0,0.188,-999
27245,6.449,LD2,-1.165,44.83,2.978,10.24,PI+SIDIS,0.44,4.4,0.52,2.0,49.028,28.768,48.84,28.658,43.312,25.414,253.83,148.94,67.42,39.56,0.9999,0.9988,0.9815,0.9815,-1.0,-1.0,-1.0,-1.0,-1.0,1.0,1.0,-999,454.0,106.385,347.615,7.27992,0.450231,50.0981,0.417419,1.0,0.185,-999
27246,6.449,LD2,-1.165,44.83,2.978,10.24,PI+SIDIS,0.44,4.4,0.52,2.0,49.462,29.121,49.286,29.017,43.402,25.553,255.66,150.52,67.364,39.661,0.9999,0.9987,0.9815,0.9817,-1.0,-1.0,-1.0,-1.0,-1.0,1.0,1.0,-999,410.0,108.231,301.769,6.26126,0.424369,50.1191,0.405575,1.0,0.187,-999
27247,6.449,LD2,-1.165,44.83,2.978,10.24,HMSDIS,0.44,4.4,0.52,2.0,23795.846,29.116,23713.207,29.015,20898.263,25.57,123229.82,150.7,32501.517,39.76,0.9999,0.999,-999,-999,-1.0,-1.0,-1.0,1.0,-1.0,-1.0,0.99996,95.2776,-999,-999,-999,-999,-999,-999,-999,1.0,0.187,-999
27248,6.449,LD2,-1.165,44.83,2.978,10.24,HMSDIS,0.44,4.4,0.52,2.0,21034.99,29.084,20958.882,28.978,18518.883,25.6,108916.01,150.5,28854.355,39.89,0.9999,0.999,-999,-999,-1.0,-1.0,9.0,-1.0,-1.0,-1.0,1.0,95.2811,-999,-999,-999,-999,-999,-999,-999,1.0,0.187,-999
27249,6.449,LH2,-1.165,44.83,2.978,10.24,PI+SIDIS,0.44,4.4,0.52,2.0,106.51,60.142,106.26,60.002,94.89,53.577,268.01,151.32,147.89,83.502,0.9999,0.9989,0.9827,0.9762,-1.0,-1.0,-1.0,-1.0,-1.0,1.0,1.0,-999,610.0,137.692,472.308,4.57571,0.241344,50.0156,0.412627,1.0,0.21,-999
27250,6.449,LH2,-1.165,44.83,2.978,10.24,PI+SIDIS,0.44,4.4,0.52,2.0,104.72,59.764,104.5,59.643,92.907,53.022,264.93,151.19,144.44,82.434,0.9998,0.9988,0.9834,0.9771,-1.0,-1.0,-1.0,-1.0,-1.0,1.0,1.0,-999,565.0,128.538,436.462,4.29613,0.236006,49.9823,0.432336,1.0,0.209,-999
27251,6.449,LH2,-1.165,44.83,2.978,10.24,PI+SIDIS,0.44,4.4,0.52,2.0,105.15,59.717,104.95,59.604,92.929,52.775,266.04,151.09,144.36,81.985,0.9999,0.9989,0.977,0.9785,-1.0,-1.0,-1.0,-1.0,-1.0,1.0,1.0,-999,662.0,133.154,528.846,5.17564,0.253745,50.0104,0.394154,1.0,0.208,-999
27252,6.449,LH2,-1.165,44.83,2.978,10.24,PI+SIDIS,0.44,4.4,0.52,2.0,114.49,60.364,114.31,60.267,101.6,53.569,288.22,151.95,158.35,83.486,0.9997,0.9989,0.9798,0.9776,-1.0,-1.0,-1.0,-1.0,-1.0,1.0,1.0,-999,707.0,148.077,558.923,5.02785,0.241108,50.0092,0.428364,1.0,0.21,-999
27253,6.449,LH2,-1.165,44.83,2.978,10.24,PI+SIDIS,0.44,4.4,0.52,2.0,116.44,60.338,116.28,60.256,103.71,53.746,293.16,151.91,161.64,83.76,0.9998,0.9987,0.9745,0.976,-1.0,-1.0,-1.0,-1.0,-1.0,1.0,1.0,-999,672.0,151.385,520.615,4.61083,0.231568,49.9854,0.413881,1.0,0.21,-999
27254,6.449,LH2,-1.165,44.83,2.978,10.24,PI+SIDIS,0.44,4.4,0.52,2.0,112.21,59.987,111.97,59.861,99.913,53.413,283.13,151.36,155.5,83.13,1.0,0.999,0.9817,0.976,-1.0,-1.0,-1.0,-1.0,-1.0,1.0,1.0,-999,640.0,142.615,497.385,4.57365,0.234612,49.9336,0.412128,1.0,0.209,-999
27255,6.449,LH2,-1.165,44.83,2.978,10.24,PI+SIDIS,0.44,4.4,0.52,2.0,114.31,60.123,114.05,59.986,101.13,53.189,288.31,151.63,157.05,82.598,1.0,0.999,0.9816,0.9751,-1.0,-1.0,-1.0,-1.0,-1.0,1.0,1.0,-999,691.0,144.385,546.615,4.93928,0.239433,49.9832,0.420192,1.0,0.209,-999
27257,6.449,LH2,-1.165,44.83,2.978,10.24,PI+SIDIS,0.44,4.4,0.52,2.0,110.44,59.76,110.21,59.636,97.868,52.955,279.49,151.22,152.42,82.474,0.9998,0.9988,0.9762,0.9763,-1.0,-1.0,-1.0,-1.0,-1.0,1.0,1.0,-999,696.0,143.231,552.769,5.16368,0.248388,49.9716,0.433678,1.0,0.208,-999
27258,6.449,LH2,-1.165,44.83,2.978,10.24,PI+SIDIS,0.44,4.4,0.52,2.0,106.02,59.675,105.84,59.573,94.303,53.08,268.3,151.01,146.94,82.711,1.0,0.9985,0.9798,0.9761,-1.0,-1.0,-1.0,-1.0,-1.0,1.0,1.0,-999,638.0,129.154,508.846,4.94988,0.247613,49.9063,0.449381,1.0,0.208,-999
27259,6.449,LH2,-1.165,44.83,2.978,10.24,PI+SIDIS,0.44,4.4,0.52,2.0,111.98,60.0,111.82,59.91,99.828,53.485,282.74,151.48,155.52,83.325,0.9999,0.9986,0.979,0.9761,-1.0,-1.0,-1.0,-1.0,-1.0,1.0,1.0,-999,654.0,137.308,516.692,4.75767,0.237372,49.9093,0.402975,1.0,0.209,-999
27261,6.449,LH2,-1.165,44.83,2.978,10.24,PI+SIDIS,0.44,4.4,0.52,2.0,111.15,60.009,110.92,59.883,98.901,53.394,280.55,151.46,153.91,83.094,0.9998,0.999,0.9709,0.9672,-1.0,-1.0,-1.0,-1.0,1.0,-1.0,1.0,-999,646.0,146.692,499.308,4.999,0.25668,49.8998,0.436402,1.0,0.209,-999
27262,6.449,LH2,-1.165,44.83,2.978,10.24,HMSDIS,0.44,4.4,0.52,2.0,66116.647,60.189,65953.553,60.041,58407.747,53.17,166621.62,151.6,90609.574,82.48,0.9998,0.9989,-999,-999,-1.0,-1.0,-1.0,1.0,-1.0,-1.0,0.99976,95.0908,-999,-999,-999,-999,-999,-999,-999,1.0,0.21,-999
27264,6.449,LH2,-1.165,44.83,2.978,10.24,HMSDIS,0.44,4.4,0.52,2.0,42864.189,59.136,42765.289,59.0,37858.886,52.23,109014.5,150.3,58842.225,81.18,0.9999,0.999,-999,-999,-1.0,-1.0,5.0,-1.0,-1.0,-1.0,1.0,95.1797,-999,-999,-999,-999,-999,-999,-999,1.0,0.204,-999
27265,6.449,DUMMY,-1.165,44.83,2.978,10.24,PI+SIDIS,0.44,4.4,0.52,2.0,63.039,39.865,62.772,39.696,55.591,35.155,237.81,150.38,86.631,54.784,1.0,1.0,1.0,0.9675,-1.0,-1.0,-1.0,-1.0,-1.0,1.0,1.0,-999,79.0,4.46154,74.5385,1.23191,0.147215,49.9251,0.43301,1.0,0.051,-999
27266,6.449,DUMMY,-1.165,44.83,2.978,10.24,PI+SIDIS,0.44,4.4,0.52,2.0,71.811,40.452,71.538,40.298,63.564,35.806,269.84,152.0,99.006,55.771,1.0,1.0,0.9571,0.9695,-1.0,-1.0,-1.0,-1.0,-1.0,1.0,1.0,-999,66.0,5.30769,60.6923,0.877874,0.117872,49.9349,0.481522,1.0,0.051,-999
27267,6.449,DUMMY,-1.165,44.83,2.978,10.24,PI+SIDIS,0.44,4.4,0.52,2.0,62.234,39.371,61.989,39.215,55.156,34.893,235.56,149.02,85.883,54.331,1.0,0.9992,0.9795,0.9737,-1.0,-1.0,-1.0,-1.0,-1.0,1.0,1.0,-999,73.0,5.07692,67.9231,1.12939,0.142445,49.9423,0.262402,1.0,0.05,-999
27269,6.449,DUMMY,-1.165,44.83,2.978,10.24,PI+SIDIS,0.44,4.4,0.52,2.0,70.438,40.43,70.244,40.318,62.265,35.738,264.62,151.89,96.765,55.541,1.0,0.9985,0.9863,0.972,-1.0,-1.0,-1.0,-1.0,-1.0,1.0,1.0,-999,68.0,4.69231,63.3077,0.930132,0.121476,49.8651,0.331115,1.0,0.052,-999
27270,6.449,DUMMY,-1.165,44.83,2.978,10.24,HMSDIS,0.44,4.4,0.52,2.0,33633.984,39.949,33546.694,39.845,29567.371,35.11,126754.7,150.5,45883.873,54.49,0.9999,0.9991,-999,-999,-1.0,-1.0,-1.0,1.0,-1.0,-1.0,1.0,99.0938,-999,-999,-999,-999,-999,-999,-999,1.0,-999,-999
27271,6.449,C,-1.165,44.83,2.978,10.24,PI+SIDIS,0.44,4.4,0.52,2.0,8.743,49.963,8.727,49.876,7.747,44.273,26.657,152.34,12.075,69.01,1.0,0.9984,0.9836,0.9775,-1.0,-1.0,-1.0,-1.0,-1.0,1.0,1.0,-999,35.0,11.6923,23.3077,2.74229,0.704948,49.7906,0.569062,1.0,0.226,-999
27272,6.449,C,-1.165,44.83,2.978,10.24,PI+SIDIS,0.44,4.4,0.52,2.0,73.953,47.08,73.663,46.895,65.51,41.705,234.25,149.13,102.12,65.013,0.9999,0.9989,0.9836,0.9784,-1.0,-1.0,-1.0,-1.0,-1.0,1.0,1.0,-999,386.0,107.231,278.769,3.88254,0.276539,49.8347,0.460391,1.0,0.213,-999
27273,6.449,C,-1.165,44.83,2.978,10.24,PI+SIDIS,0.44,4.4,0.52,2.0,82.731,48.286,82.421,48.105,73.488,42.892,259.7,151.58,114.51,66.839,1.0,0.9987,0.9813,0.9784,-1.0,-1.0,-1.0,-1.0,-1.0,1.0,1.0,-999,446.0,115.538,330.462,4.11262,0.26543,49.7867,0.361201,1.0,0.219,-999
27274,6.449,C,-1.165,44.83,2.978,10.24,PI+SIDIS,0.44,4.4,0.52,2.0,74.663,47.004,74.426,46.855,66.245,41.705,236.8,149.08,103.08,64.896,1.0,0.9989,0.984,0.978,-1.0,-1.0,-1.0,-1.0,-1.0,1.0,1.0,-999,413.0,100.385,312.615,4.31042,0.282818,49.7666,0.377904,1.0,0.213,-999
27275,6.449,C,-1.165,44.83,2.978,10.24,PI+SIDIS,0.44,4.4,0.52,2.0,65.867,45.121,65.694,45.002,58.161,39.842,212.03,145.25,90.358,61.898,0.9998,0.9992,0.979,0.9794,-1.0,-1.0,-1.0,-1.0,-1.0,1.0,1.0,-999,352.0,90.0769,261.923,4.08767,0.295669,49.8783,0.486182,1.0,0.205,-999
27276,6.449,C,-1.165,44.83,2.978,10.24,PI+SIDIS,0.44,4.4,0.52,2.0,77.59,46.437,77.375,46.308,68.696,41.114,246.98,147.82,107.07,64.082,0.9996,0.999,0.9795,0.9782,-1.0,-1.0,-1.0,-1.0,-1.0,1.0,1.0,-999,407.0,103.923,303.077,4.02045,0.270236,49.8216,0.446609,1.0,0.21,-999
27277,6.449,C,-1.165,44.83,2.978,10.24,PI+SIDIS,0.44,4.4,0.52,2.0,81.052,47.965,80.828,47.833,72.002,42.61,255.26,151.06,112.24,66.423,0.9999,0.999,0.9759,0.9785,-1.0,-1.0,-1.0,-1.0,-1.0,1.0,1.0,-999,433.0,110.231,322.769,4.09609,0.266644,49.7627,0.380047,1.0,0.216,-999
27278,6.449,C,-1.165,44.83,2.978,10.24,PI+SIDIS,0.44,4.4,0.52,2.0,77.619,46.981,77.288,46.781,68.785,41.634,245.74,148.74,107.03,64.787,0.9998,0.9988,0.9834,0.9779,-1.0,-1.0,-1.0,-1.0,-1.0,1.0,1.0,-999,412.0,106.462,305.538,4.058,0.272251,49.7688,0.386061,1.0,0.212,-999
27279,6.449,C,-1.165,44.83,2.978,10.24,PI+SIDIS,0.44,4.4,0.52,2.0,82.642,48.027,82.358,47.862,72.84,42.33,259.75,150.95,113.09,65.727,0.9998,0.9989,0.9788,0.9776,-1.0,-1.0,-1.0,-1.0,-1.0,1.0,1.0,-999,436.0,113.692,322.308,4.01841,0.262929,49.8625,0.408264,1.0,0.217,-999
27280,6.449,C,-1.165,44.83,2.978,10.24,PI+SIDIS,0.44,4.4,0.52,2.0,34.844,47.617,34.73,47.461,30.64,41.872,109.88,150.16,47.585,65.029,0.9998,0.9984,0.9782,0.9789,-1.0,-1.0,-1.0,-1.0,-1.0,1.0,1.0,-999,182.0,45.5385,136.462,4.02988,0.402214,49.8415,0.50803,1.0,0.215,-999
27281,6.449,C,-1.165,44.83,2.978,10.24,PI+SIDIS,0.44,4.4,0.52,2.0,118.34,48.082,118.01,47.947,105.11,42.705,371.99,151.13,163.7,66.509,1.0,0.9991,0.9819,0.977,-1.0,-1.0,-1.0,-1.0,-1.0,1.0,1.0,-999,680.0,163.846,516.154,4.49261,0.229067,49.7376,0.416854,1.0,0.217,41.122
27282,6.449,C,-1.165,44.83,2.978,10.24,HMSDIS,0.44,4.4,0.52,2.0,11015.741,47.216,10985.72,47.087,9751.342,41.79,34927.345,149.7,15159.115,64.97,0.9998,0.9986,-999,-999,-1.0,-1.0,-1.0,1.0,-1.0,-1.0,0.99935,95.4942,-999,-999,-999,-999,-999,-999,-999,1.0,-999,-999
27283,6.449,C,-1.165,44.83,2.978,10.24,HMSDIS,0.44,4.4,0.52,2.0,38628.964,47.431,38502.605,47.276,34091.554,41.86,122008.23,149.8,52955.253,65.02,0.9998,0.9987,-999,-999,-1.0,-1.0,-1.0,1.0,-1.0,-1.0,1.0,95.4763,-999,-999,-999,-999,-999,-999,-999,1.0,0.215,-999
27284,6.449,C,-1.165,44.83,2.978,10.24,HMSDIS,0.44,4.4,0.52,2.0,32805.068,46.92,32661.804,46.715,28846.742,41.25,103810.69,148.4,44796.533,64.07,0.9997,0.9988,-999,-999,-1.0,-1.0,9.0,-1.0,-1.0,-1.0,0.9993,95.4832,-999,-999,-999,-999,-999,-999,-999,1.0,0.211,-999
27285,6.449,Cu,-1.165,44.83,2.978,10.24,PI+SIDIS,0.44,4.4,0.52,2.0,80.765,47.813,80.491,47.65,71.66,42.423,254.05,150.4,111.68,66.12,0.9999,0.9984,0.9805,0.9736,-1.0,-1.0,-1.0,-1.0,-1.0,1.0,1.0,-999,269.0,91.0769,177.923,2.27824,0.212729,49.6864,0.396039,1.0,0.208,-999
27286,6.449,Cu,-1.165,44.83,2.978,10.24,PI+SIDIS,0.44,4.4,0.52,2.0,78.819,47.412,78.585,47.271,70.087,42.159,248.8,149.66,109.12,65.639,0.9995,0.999,0.9761,0.9747,-1.0,-1.0,-1.0,-1.0,-1.0,1.0,1.0,-999,250.0,92.0769,157.923,2.06969,0.210134,49.6575,0.493627,1.0,0.207,-999
27287,6.449,Cu,-1.165,44.83,2.978,10.24,PI+SIDIS,0.44,4.4,0.52,2.0,76.508,47.285,76.318,47.168,67.714,41.85,241.75,149.41,105.21,65.029,0.9999,0.9982,0.9813,0.9756,-1.0,-1.0,-1.0,-1.0,-1.0,1.0,1.0,-999,247.0,88.2308,158.769,2.13979,0.214704,49.7529,0.390783,1.0,0.206,-999
27288,6.449,Cu,-1.165,44.83,2.978,10.24,PI+SIDIS,0.44,4.4,0.52,2.0,34.842,48.204,34.751,48.077,30.716,42.496,109.24,151.13,47.704,65.997,1.0,0.9981,0.9789,0.9749,-1.0,-1.0,-1.0,-1.0,-1.0,1.0,1.0,-999,112.0,43.8462,68.1538,2.01886,0.318176,49.6631,0.635558,1.0,0.21,-999
27289,6.449,Cu,-1.165,44.83,2.978,10.24,PI+SIDIS,0.44,4.4,0.52,2.0,135.66,47.93,135.15,47.749,120.16,42.454,425.83,150.44,187.32,66.181,0.9999,0.9983,0.9782,0.9737,-1.0,-1.0,-1.0,-1.0,-1.0,1.0,1.0,-999,503.0,163.692,339.308,2.58733,0.173145,49.6938,0.418175,1.0,0.209,37.343
27290,6.449,Cu,-1.165,44.83,2.978,10.24,PI+SIDIS,0.44,4.4,0.52,2.0,81.873,47.374,81.586,47.208,72.819,42.135,258.27,149.44,113.43,65.639,0.9998,0.9982,0.9778,0.9736,-1.0,-1.0,-1.0,-1.0,-1.0,1.0,1.0,-999,282.0,98.7692,183.231,2.31506,0.215011,49.6803,0.47034,1.0,0.207,-999
27291,6.449,Cu,-1.165,44.83,2.978,10.24,PI+SIDIS,0.44,4.4,0.52,2.0,84.741,48.293,84.472,48.14,75.492,43.023,265.9,151.53,117.58,67.009,0.9999,0.9981,0.9823,0.9731,-1.0,-1.0,-1.0,-1.0,-1.0,1.0,1.0,-999,295.0,98.0769,196.923,2.40394,0.212335,49.5824,0.432524,1.0,0.211,-999
27292,6.449,Cu,-1.165,44.83,2.978,10.24,PI+SIDIS,0.44,4.4,0.52,2.0,67.875,46.185,67.683,46.055,60.535,41.191,216.65,147.42,94.305,64.17,0.9996,0.9984,0.978,0.9741,-1.0,-1.0,-1.0,-1.0,-1.0,1.0,1.0,-999,224.0,78.1538,145.846,2.22061,0.230915,49.588,0.433985,1.0,0.202,-999
27293,6.449,Cu,-1.165,44.83,2.978,10.24,PI+SIDIS,0.44,4.4,0.52,2.0,78.729,47.382,78.543,47.27,70.256,42.283,248.77,149.72,109.48,65.891,1.0,0.9982,0.9792,0.9745,-1.0,-1.0,-1.0,-1.0,-1.0,1.0,1.0,-999,284.0,94.7692,189.231,2.48064,0.223735,49.5547,0.421643,1.0,0.207,-999
27294,6.449,Cu,-1.165,44.83,2.978,10.24,PI+SIDIS,0.44,4.4,0.52,2.0,81.212,48.028,81.012,47.91,72.256,42.732,255.2,150.92,112.47,66.518,0.9998,0.9981,0.978,0.973,-1.0,-1.0,-1.0,-1.0,-1.0,1.0,1.0,-999,275.0,92.0,183.0,2.32994,0.213834,49.5406,0.423998,1.0,0.21,-999
27295,6.449,Cu,-1.165,44.83,2.978,10.24,HMSDIS,0.44,4.4,0.52,2.0,43889.9,47.786,43722.992,47.604,38733.463,42.17,137890.23,150.1,60087.717,65.42,0.9998,0.9983,-999,-999,-1.0,-1.0,-1.0,1.0,-1.0,-1.0,0.99956,95.5941,-999,-999,-999,-999,-999,-999,-999,1.0,0.209,-999
27297,6.449,Cu,-1.165,44.83,2.978,10.24,HMSDIS,0.44,4.4,0.52,2.0,-999,-999,-999,-999,-999,-999,-999,-999,-999,-999,-999,-999,-999,-999,-999,-999,-999,-999,-999,-999,-999,-999,-999,-999,-999,-999,-999,-999,-999,1.0,-999,-999
27298,6.449,Al,-1.165,44.83,2.978,10.24,HMSDIS,0.44,4.4,0.52,2.0,70956.251,40.443,70691.277,40.292,62717.193,35.74,265863.08,151.5,97766.411,55.72,0.9998,0.9986,-999,-999,-1.0,-1.0,-1.0,1.0,-1.0,-1.0,1.0,99.1099,-999,-999,-999,-999,-999,-999,-999,1.0,0.064,-999
27299,6.449,Al,-1.165,44.83,2.978,10.24,HMSDIS,0.44,4.4,0.52,2.0,30608.852,39.25,30506.659,39.119,27089.407,34.73,115717.59,148.3,42213.026,54.13,0.9995,0.9988,-999,-999,-1.0,-1.0,2.0,-1.0,-1.0,-1.0,1.0,99.1178,-999,-999,-999,-999,-999,-999,-999,1.0,-999,-999
27300,6.449,LD2,-1.165,44.83,2.978,10.24,PI+SIDIS,0.44,4.4,0.52,2.0,52.419,29.442,52.173,29.304,46.327,26.021,270.39,151.87,72.183,40.544,0.9998,0.9982,0.9794,0.9764,-1.0,-1.0,-1.0,-1.0,-1.0,1.0,1.0,-999,479.0,115.923,363.077,7.15543,0.435322,49.435,0.440681,1.0,0.189,-999
27301,6.449,LD2,-1.165,44.83,2.978,10.24,PI+SIDIS,0.44,4.4,0.52,2.0,50.454,29.244,50.217,29.106,44.61,25.856,260.04,150.72,69.491,40.277,0.9998,0.9979,0.9813,0.9766,-1.0,-1.0,-1.0,-1.0,-1.0,1.0,1.0,-999,469.0,108.846,360.154,7.37296,0.447284,49.4272,0.422819,1.0,0.188,-999
27302,6.449,LD2,-1.165,44.83,2.978,10.24,PI+SIDIS,0.44,4.4,0.52,2.0,53.226,29.234,52.997,29.108,47.087,25.862,274.65,150.85,73.347,40.285,0.9999,0.9985,0.9823,0.9779,-1.0,-1.0,-1.0,-1.0,-1.0,1.0,1.0,-999,470.0,117.923,352.077,6.81995,0.423978,49.3724,0.432743,1.0,0.187,-999
27303,6.449,LD2,-1.165,44.83,2.978,10.24,PI+SIDIS,0.44,4.4,0.52,2.0,48.091,29.01,47.914,28.903,42.564,25.676,248.57,149.94,66.311,40.001,0.9998,0.9986,0.9771,0.9781,-1.0,-1.0,-1.0,-1.0,-1.0,1.0,1.0,-999,465.0,105.538,359.462,7.70089,0.465987,49.1474,0.424428,1.0,0.186,-999
27304,6.449,LD2,-1.165,44.83,2.978,10.24,PI+SIDIS,0.44,4.4,0.52,2.0,47.679,28.857,47.512,28.756,42.224,25.556,246.33,149.09,65.758,39.8,0.9999,0.9987,0.9838,0.9784,-1.0,-1.0,-1.0,-1.0,-1.0,1.0,1.0,-999,447.0,101.846,345.154,7.45389,0.460571,48.9506,0.416734,1.0,0.185,-999
27305,6.449,LD2,-1.165,44.83,2.978,10.24,PI+SIDIS,0.44,4.4,0.52,2.0,47.855,29.035,47.664,28.918,42.351,25.695,247.35,150.07,65.973,40.027,0.9998,0.9984,0.9785,0.9779,-1.0,-1.0,-1.0,-1.0,-1.0,1.0,1.0,-999,436.0,104.769,331.231,7.13467,0.453904,48.8651,0.42487,1.0,0.186,-999
27306,6.449,LD2,-1.165,44.83,2.978,10.24,PI+SIDIS,0.44,4.4,0.52,2.0,72.058,29.039,71.703,28.896,63.74,25.687,371.74,149.81,99.28,40.009,0.9997,0.9989,0.9799,0.9782,-1.0,-1.0,-1.0,-1.0,-1.0,1.0,1.0,-999,649.0,156.846,492.154,7.04561,0.368078,48.9353,0.499442,1.0,0.186,46.781
27307,6.449,LD2,-1.165,44.83,2.978,10.24,PI+SIDIS,0.44,4.4,0.52,2.0,45.23,29.22,45.035,29.094,40.033,25.863,233.55,150.88,62.349,40.28,0.9997,0.999,0.9845,0.9785,-1.0,-1.0,-1.0,-1.0,-1.0,1.0,1.0,-999,419.0,101.231,317.769,7.24144,0.47078,47.3801,1.22493,1.0,0.191,-999
27308,6.449,LD2,-1.165,44.83,2.978,10.24,PI+SIDIS,0.44,4.4,0.52,2.0,47.361,28.813,47.188,28.707,41.942,25.516,244.84,148.95,65.331,39.745,0.9997,0.999,0.9765,0.9802,-1.0,-1.0,-1.0,-1.0,-1.0,1.0,1.0,-999,388.0,105.308,282.692,6.1374,0.432089,49.6288,0.449379,1.0,0.187,-999
27309,6.449,LD2,-1.165,44.83,2.978,10.24,PI+SIDIS,0.44,4.4,0.52,2.0,30.255,28.877,30.146,28.773,26.8,25.579,156.46,149.33,41.741,39.839,0.9999,0.999,0.9816,0.9789,-1.0,-1.0,-1.0,-1.0,-1.0,1.0,1.0,-999,268.0,67.9231,200.077,6.80779,0.562431,49.5784,0.461509,1.0,0.188,-999
27310,6.449,LH2,-1.165,44.83,2.978,10.24,PI+SIDIS,0.44,4.4,0.52,2.0,99.952,54.937,99.682,54.789,89.136,48.993,272.57,149.81,138.85,76.317,0.9999,0.999,0.9804,0.9752,-1.0,-1.0,-1.0,-1.0,-1.0,1.0,1.0,-999,567.0,114.846,452.154,4.67445,0.248081,49.625,0.417343,1.0,0.193,-999
27311,6.449,LH2,-1.165,44.83,2.978,10.24,PI+SIDIS,0.44,4.4,0.52,2.0,96.828,55.504,96.609,55.378,85.867,49.221,262.49,150.46,133.37,76.453,0.9999,0.999,0.9783,0.9769,-1.0,-1.0,-1.0,-1.0,-1.0,1.0,1.0,-999,546.0,115.308,430.692,4.58604,0.250823,49.6972,0.442296,1.0,0.196,-999
27312,6.449,LH2,-1.165,44.83,2.978,10.24,PI+SIDIS,0.44,4.4,0.52,2.0,98.067,54.488,97.877,54.383,86.662,48.152,268.1,148.96,134.62,74.802,0.9999,0.9993,0.9816,0.9759,-1.0,-1.0,-1.0,-1.0,-1.0,1.0,1.0,-999,585.0,117.077,467.923,4.92307,0.256423,49.7083,0.396676,1.0,0.192,-999
27313,6.449,LH2,-1.165,44.83,2.978,10.24,PI+SIDIS,0.44,4.4,0.52,2.0,85.871,54.804,85.665,54.672,76.138,48.591,234.2,149.47,118.64,75.717,0.9997,0.9993,0.9764,0.9766,-1.0,-1.0,-1.0,-1.0,-1.0,1.0,1.0,-999,482.0,102.385,379.615,4.56128,0.265941,49.6924,0.443501,1.0,0.192,-999
27314,6.449,LH2,-1.165,44.83,2.978,10.24,PI+SIDIS,0.44,4.4,0.52,2.0,92.143,55.053,91.831,54.866,81.918,48.944,250.35,149.58,127.72,76.313,1.0,0.9986,0.9815,0.977,-1.0,-1.0,-1.0,-1.0,-1.0,1.0,1.0,-999,523.0,113.923,409.077,4.5817,0.258274,49.6734,0.436481,1.0,0.194,-999
27315,6.449,LH2,-1.165,44.83,2.978,10.24,PI+SIDIS,0.44,4.4,0.52,2.0,91.594,55.33,91.355,55.185,81.616,49.303,248.59,150.16,127.21,76.847,0.9997,0.9988,0.9813,0.975,-1.0,-1.0,-1.0,-1.0,-1.0,1.0,1.0,-999,549.0,109.538,439.462,4.95921,0.266431,49.6453,0.4212,1.0,0.195,-999
27316,6.449,LH2,-1.165,44.83,2.978,10.24,PI+SIDIS,0.44,4.4,0.52,2.0,92.932,54.854,92.706,54.72,82.401,48.638,253.1,149.39,128.08,75.604,1.0,0.9989,0.9784,0.9764,-1.0,-1.0,-1.0,-1.0,-1.0,1.0,1.0,-999,565.0,111.154,453.846,5.03837,0.265868,49.6949,0.428179,1.0,0.194,-999
27317,6.449,LH2,-1.165,44.83,2.978,10.24,PI+SIDIS,0.44,4.4,0.52,2.0,116.0,54.924,115.73,54.793,102.67,48.611,315.87,149.54,159.64,75.582,0.9999,0.9989,0.9829,0.9758,-1.0,-1.0,-1.0,-1.0,-1.0,1.0,1.0,-999,671.0,134.308,536.692,4.77597,0.232282,49.6862,0.472134,1.0,0.193,-999
27318,6.449,LH2,-1.165,44.83,2.978,10.24,PI+SIDIS,0.44,4.4,0.52,2.0,86.115,52.849,85.913,52.725,76.642,47.035,238.74,146.52,119.5,73.339,0.9997,0.999,0.9797,0.9752,-1.0,-1.0,-1.0,-1.0,-1.0,1.0,1.0,-999,461.0,99.6923,361.308,4.33503,0.259745,49.6597,0.407262,1.0,0.186,-999
27319,6.449,LH2,-1.165,44.83,2.978,10.24,PI+SIDIS,0.44,4.4,0.52,2.0,96.191,55.314,95.97,55.187,85.701,49.281,261.15,150.17,133.58,76.817,0.9997,0.9992,0.9836,0.9774,-1.0,-1.0,-1.0,-1.0,-1.0,1.0,1.0,-999,579.0,117.385,461.615,4.94651,0.259847,49.7185,0.406385,1.0,0.195,-999
27320,6.449,DUMMY,-1.165,44.83,2.978,10.24,PI+SIDIS,0.44,4.4,0.52,2.0,63.473,39.28,63.227,39.127,55.803,34.533,239.97,148.5,86.635,53.613,0.9985,0.9992,0.9669,0.9721,-1.0,-1.0,-1.0,-1.0,-1.0,1.0,1.0,-999,61.0,4.0,57.0,0.932208,0.128055,49.9326,0.513282,1.0,0.051,-999
27321,6.449,DUMMY,-1.165,44.83,2.978,10.24,PI+SIDIS,0.44,4.4,0.52,2.0,61.427,39.875,61.184,39.717,54.1,35.118,231.05,149.98,84.205,54.661,1.0,0.9992,0.9853,0.9741,-1.0,-1.0,-1.0,-1.0,-1.0,1.0,1.0,-999,51.0,3.84615,47.1538,0.793956,0.120593,49.8408,0.380189,1.0,0.051,-999
27322,6.449,DUMMY,-1.165,44.83,2.978,10.24,PI+SIDIS,0.44,4.4,0.52,2.0,70.67,39.205,70.393,39.051,62.535,34.692,267.35,148.31,97.549,54.116,1.0,0.9971,0.9679,0.9666,-1.0,-1.0,-1.0,-1.0,-1.0,1.0,1.0,-999,64.0,4.46154,59.5385,0.878053,0.118297,49.7095,0.562747,1.0,0.05,-999
27323,6.449,DUMMY,-1.165,44.83,2.978,10.24,PI+SIDIS,0.44,4.4,0.52,2.0,66.004,39.777,65.748,39.622,58.468,35.235,248.47,149.74,91.094,54.896,1.0,0.9992,0.9833,0.9683,-1.0,-1.0,-1.0,-1.0,-1.0,1.0,1.0,-999,72.0,3.92308,68.0769,1.07288,0.134007,49.7906,0.413997,1.0,0.051,-999
27324,6.449,C,-1.165,44.83,2.978,10.24,PI+SIDIS,0.44,4.4,0.52,2.0,79.202,47.617,78.937,47.458,69.818,41.975,249.73,150.14,108.39,65.166,0.9999,0.999,0.9794,0.9781,-1.0,-1.0,-1.0,-1.0,-1.0,1.0,1.0,-999,412.0,103.308,308.692,4.01297,0.266402,49.7925,0.448605,1.0,0.215,-999
27326,6.449,C,-1.165,44.83,2.978,10.24,PI+SIDIS,0.44,4.4,0.52,2.0,80.497,47.643,80.227,47.483,71.032,42.041,253.62,150.11,110.58,65.453,0.9999,0.9985,0.9846,0.9785,-1.0,-1.0,-1.0,-1.0,-1.0,1.0,1.0,-999,440.0,113.308,326.692,4.17695,0.270836,49.7829,0.431208,1.0,0.214,-999
27327,6.449,C,-1.165,44.83,2.978,10.24,PI+SIDIS,0.44,4.4,0.52,2.0,79.403,47.726,79.137,47.565,70.455,42.347,249.89,150.19,109.92,66.069,0.9999,0.9985,0.9799,0.9796,-1.0,-1.0,-1.0,-1.0,-1.0,1.0,1.0,-999,476.0,107.846,368.154,4.76655,0.284925,49.7627,0.415103,1.0,0.214,-999
27328,6.449,C,-1.165,44.83,2.978,10.24,PI+SIDIS,0.44,4.4,0.52,2.0,81.955,48.019,81.681,47.859,72.834,42.675,257.28,150.74,113.52,66.517,0.9997,0.9985,0.9804,0.9776,-1.0,-1.0,-1.0,-1.0,-1.0,1.0,1.0,-999,426.0,115.231,310.769,3.90696,0.262167,49.748,0.448659,1.0,0.216,-999
27329,6.449,C,-1.165,44.83,2.978,10.24,PI+SIDIS,0.44,4.4,0.52,2.0,70.274,47.599,70.039,47.44,62.127,42.081,221.62,150.11,96.581,65.418,0.9999,0.999,0.9838,0.9789,-1.0,-1.0,-1.0,-1.0,-1.0,1.0,1.0,-999,341.0,95.2308,245.769,3.5981,0.273236,49.7711,0.397581,1.0,0.215,-999
27330,6.449,C,-1.165,44.83,2.978,10.24,PI+SIDIS,0.44,4.4,0.52,2.0,65.017,46.551,64.796,46.392,57.363,41.071,206.5,147.85,89.191,63.859,0.9997,0.9985,0.9785,0.9786,-1.0,-1.0,-1.0,-1.0,-1.0,1.0,1.0,-999,327.0,87.6923,239.308,3.78894,0.289247,49.7976,0.47124,1.0,0.209,-999
27331,6.449,C,-1.165,44.83,2.978,10.24,PI+SIDIS,0.44,4.4,0.52,2.0,71.662,48.388,71.419,48.224,63.474,42.859,224.24,151.41,99.024,66.863,0.9996,0.9989,0.9815,0.9783,-1.0,-1.0,-1.0,-1.0,-1.0,1.0,1.0,-999,392.0,95.9231,296.077,4.25463,0.287177,49.7574,0.395417,1.0,0.217,-999
27332,6.449,C,-1.165,44.83,2.978,10.24,PI+SIDIS,0.44,4.4,0.52,2.0,114.68,48.525,114.3,48.362,102.0,43.158,358.93,151.87,159.1,67.321,0.9999,0.9989,0.9787,0.9768,-1.0,-1.0,-1.0,-1.0,-1.0,1.0,1.0,-999,629.0,154.923,474.077,4.26179,0.227585,49.7273,0.395516,1.0,0.218,-999
27333,6.449,C,-1.165,44.83,2.978,10.24,PI+SIDIS,0.44,4.4,0.52,2.0,81.218,47.66,80.955,47.506,72.354,42.459,255.81,150.11,112.81,66.203,0.9999,0.9986,0.9814,0.9784,-1.0,-1.0,-1.0,-1.0,-1.0,1.0,1.0,-999,426.0,107.077,318.923,4.04136,0.264061,49.7166,0.391149,1.0,0.215,-999
27334,6.449,C,-1.165,44.83,2.978,10.24,PI+SIDIS,0.44,4.4,0.52,2.0,84.007,48.03,83.738,47.876,74.868,42.805,264.0,150.94,116.7,66.725,0.9996,0.9981,0.9804,0.9779,-1.0,-1.0,-1.0,-1.0,-1.0,1.0,1.0,-999,467.0,108.923,358.077,4.39023,0.26732,49.7354,0.409333,1.0,0.216,-999
27335,6.449,Cu,-1.165,44.83,2.978,10.24,PI+SIDIS,0.44,4.4,0.52,2.0,77.87,46.952,77.614,46.798,69.384,41.836,246.44,148.59,108.08,65.17,0.9996,0.9984,0.9798,0.9742,-1.0,-1.0,-1.0,-1.0,-1.0,1.0,1.0,-999,270.0,93.2308,176.769,2.34667,0.221014,49.7549,0.374418,1.0,0.204,-999
27336,6.449,Cu,-1.165,44.83,2.978,10.24,PI+SIDIS,0.44,4.4,0.52,2.0,73.252,46.926,73.009,46.77,65.218,41.78,232.08,148.67,101.58,65.073,0.9995,0.9986,0.9805,0.9748,-1.0,-1.0,-1.0,-1.0,-1.0,1.0,1.0,-999,261.0,84.4615,176.538,2.49016,0.2307,49.7436,0.443614,1.0,0.204,-999
27337,6.449,Cu,-1.165,44.83,2.978,10.24,PI+SIDIS,0.44,4.4,0.52,2.0,71.147,47.152,70.904,46.991,63.292,41.946,225.12,149.2,98.585,65.335,0.9998,0.9984,0.9791,0.9735,-1.0,-1.0,-1.0,-1.0,-1.0,1.0,1.0,-999,244.0,85.8462,158.154,2.29949,0.230168,49.7986,0.451279,1.0,0.205,-999
27338,6.449,Cu,-1.165,44.83,2.978,10.24,PI+SIDIS,0.44,4.4,0.52,2.0,84.411,47.893,84.113,47.724,75.047,42.58,265.48,150.62,116.87,66.314,0.9996,0.9985,0.9795,0.9753,-1.0,-1.0,-1.0,-1.0,-1.0,1.0,1.0,-999,294.0,96.6923,197.308,2.41414,0.212431,49.7075,0.403355,1.0,0.208,-999
27339,6.449,Cu,-1.165,44.83,2.978,10.24,PI+SIDIS,0.44,4.4,0.52,2.0,81.924,47.716,81.634,47.547,72.784,42.393,258.05,150.3,113.37,66.035,0.9996,0.9981,0.9813,0.9739,-1.0,-1.0,-1.0,-1.0,-1.0,1.0,1.0,-999,260.0,98.6923,161.308,2.03655,0.206526,49.7001,0.416624,1.0,0.207,-999
27340,6.449,Cu,-1.165,44.83,2.978,10.24,PI+SIDIS,0.44,4.4,0.52,2.0,76.024,46.712,75.754,46.546,67.512,41.482,241.78,148.56,105.14,64.606,0.9998,0.9983,0.9748,0.9742,-1.0,-1.0,-1.0,-1.0,-1.0,1.0,1.0,-999,254.0,89.3846,164.615,2.23848,0.219634,49.6552,0.354644,1.0,0.203,-999
27341,6.449,Cu,-1.165,44.83,2.978,10.24,PI+SIDIS,0.44,4.4,0.52,2.0,78.11,46.551,77.867,46.406,69.36,41.337,248.42,148.05,108.03,64.384,0.9998,0.9988,0.975,0.9739,-1.0,-1.0,-1.0,-1.0,-1.0,1.0,1.0,-999,236.0,90.6923,145.308,1.92302,0.206289,49.636,0.366867,1.0,0.204,-999
27342,6.449,Cu,-1.165,44.83,2.978,10.24,PI+SIDIS,0.44,4.4,0.52,2.0,31.656,47.127,31.567,46.996,28.112,41.851,100.17,149.13,43.786,65.187,1.0,0.999,0.9797,0.9715,-1.0,-1.0,-1.0,-1.0,-1.0,1.0,1.0,-999,125.0,34.8462,90.1538,2.95087,0.369853,49.5364,0.428569,1.0,0.206,-999
27343,6.449,Cu,-1.165,44.83,2.978,10.24,PI+SIDIS,0.44,4.4,0.52,2.0,77.211,47.237,76.853,47.017,68.429,41.864,244.2,149.4,106.57,65.201,0.9998,0.9991,0.9817,0.9736,-1.0,-1.0,-1.0,-1.0,-1.0,1.0,1.0,-999,250.0,91.9231,158.077,2.12027,0.215054,49.4251,0.463736,1.0,0.207,-999
27344,6.449,Cu,-1.165,44.83,2.978,10.24,PI+SIDIS,0.44,4.4,0.52,2.0,86.253,47.616,85.903,47.423,76.478,42.22,272.03,150.17,119.09,65.747,0.9998,0.9987,0.9783,0.9745,-1.0,-1.0,-1.0,-1.0,-1.0,1.0,1.0,-999,295.0,98.0,197.0,2.36176,0.208526,49.0081,1.60135,1.0,0.209,-999
27345,6.449,Cu,-1.165,44.83,2.978,10.24,PI+SIDIS,0.44,4.4,0.52,2.0,75.781,46.781,75.516,46.617,67.208,41.489,240.78,148.64,104.66,64.612,0.9997,0.9987,0.9781,0.9759,-1.0,-1.0,-1.0,-1.0,-1.0,1.0,1.0,-999,238.0,91.6154,146.385,1.9937,0.213201,49.0377,0.88289,1.0,0.206,-999
27347,6.449,Cu,-1.165,44.83,2.978,10.24,PI+SIDIS,0.44,4.4,0.52,2.0,80.393,47.536,80.145,47.389,71.299,42.158,254.15,150.28,111.06,65.671,0.9998,0.9986,0.9772,0.9748,-1.0,-1.0,-1.0,-1.0,-1.0,1.0,1.0,-999,276.0,98.8462,177.154,2.27557,0.216319,49.964,1.34563,1.0,0.207,-999
27348,6.449,Cu,-1.165,44.83,2.978,10.24,PI+SIDIS,0.44,4.4,0.52,2.0,83.584,46.121,83.302,45.965,74.089,40.882,266.92,147.28,115.42,63.689,0.9997,0.9988,0.9778,0.9753,-1.0,-1.0,-1.0,-1.0,-1.0,1.0,1.0,-999,280.0,100.308,179.692,2.21977,0.209537,51.2151,0.411777,1.0,0.202,-999
27349,6.449,Cu,-1.165,44.83,2.978,10.24,PI+SIDIS,0.44,4.4,0.52,2.0,102.74,47.401,102.26,47.182,91.005,41.986,324.62,149.76,141.74,65.393,0.9999,0.9989,0.9781,0.9733,-1.0,-1.0,-1.0,-1.0,-1.0,1.0,1.0,-999,382.0,122.154,259.846,2.61941,0.199432,51.281,0.387051,1.0,0.207,-999
27350,6.449,Cu,-1.165,44.83,2.978,10.24,PI+SIDIS,0.44,4.4,0.52,2.0,108.32,48.041,107.91,47.857,96.053,42.599,340.74,151.11,149.61,66.353,0.9998,0.9988,0.9797,0.9755,-1.0,-1.0,-1.0,-1.0,-1.0,1.0,1.0,-999,375.0,130.615,244.385,2.3297,0.187061,51.243,0.356608,1.0,0.21,-999
27352,6.449,LH2,-5.39,14.005,3.61,27.75,HMSHEE,-999,-999,-999,-999,62509.155,67.499,62475.344,67.463,55231.902,59.64,137756.46,148.7,83148.058,89.78,0.9979,0.213,-999,-999,-1.0,-1.0,-1.0,17.0,-1.0,-1.0,1.0,99.9854,-999,-999,-999,-999,-999,-999,-999,1.0,-999,-999
27355,6.449,DUMMY,-5.39,14.005,3.61,27.75,HMSHEE,-999,-999,-999,-999,23049.703,36.152,22934.668,35.971,20358.722,31.93,96172.761,150.8,31732.896,49.77,0.9986,0.2112,-999,-999,-1.0,-1.0,-1.0,2.0,-1.0,-1.0,0.99953,99.9963,-999,-999,-999,-999,-999,-999,-999,1.0,-999,-999
27356,6.449,LD2,-5.39,14.005,3.61,27.75,HMSHEE,-999,-999,-999,-999,35995.006,55.511,35906.329,55.374,32086.443,49.48,96689.231,149.1,50002.582,77.11,0.9972,0.2645,-999,-999,-1.0,-1.0,-1.0,17.0,-1.0,-1.0,1.0,99.9736,-999,-999,-999,-999,-999,-999,-999,1.0,-999,-999
27357,6.449,LH2,-3.7,14.005,3.61,27.72,HEEP,-999,-999,-999,-999,6.503,70.407,6.499,70.362,5.749,62.24,13.961,151.16,8.633,93.472,1.0,0.9999,0.0,0.9881,-1.0,-1.0,-1.0,-1.0,-1.0,1.0,1.0,-999,1.0,0.0,1.0,0.177285,0.177285,53.0751,0.245959,1.0,0.175,-999
27358,6.449,LH2,-1.165,44.83,-3.837,10.24,PI-SIDIS,0.44,4.4,0.67,2.0,120.53,68.742,120.38,68.656,106.4,60.682,263.84,150.47,160.44,91.506,0.9999,0.9989,0.9822,0.9572,-1.0,-1.0,-1.0,-1.0,-1.0,1.0,1.0,-999,208.0,34.8462,173.154,1.50886,0.126482,51.3213,0.406084,1.0,0.238,464.877
27361,6.449,LH2,-1.165,44.83,-3.837,10.24,PI-SIDIS,0.44,4.4,0.67,2.0,126.52,69.148,126.39,69.074,111.59,60.99,275.53,150.58,168.34,92.004,0.9998,0.9988,0.9829,0.9521,-1.0,-1.0,-1.0,-1.0,-1.0,1.0,1.0,-999,251.0,33.8462,217.154,1.81216,0.132894,51.2372,0.366472,1.0,0.238,466.882
27362,6.449,LH2,-1.165,44.83,-3.837,10.24,PI-SIDIS,0.44,4.4,0.67,2.0,108.79,69.55,108.55,69.397,95.851,61.276,236.56,151.23,144.59,92.435,0.9999,0.9984,0.9846,0.9579,-1.0,-1.0,-1.0,-1.0,-1.0,1.0,1.0,-999,204.0,27.8462,176.154,1.7011,0.138651,51.2986,0.398152,1.0,0.24,468.724
27363,6.449,LH2,-1.165,44.83,-3.837,10.24,PI-SIDIS,0.44,4.4,0.67,2.0,83.033,66.187,82.9,66.082,73.184,58.337,185.32,147.72,110.5,88.086,0.9999,0.9989,0.9834,0.9572,-1.0,-1.0,-1.0,-1.0,-1.0,1.0,1.0,-999,140.0,22.3077,117.692,1.48968,0.15068,51.2713,0.335672,1.0,0.229,446.774
27364,6.449,LH2,-1.165,44.83,-3.837,10.24,PI-SIDIS,0.44,4.4,0.67,2.0,105.7,66.513,105.59,66.445,93.17,58.627,235.22,148.01,140.67,88.517,0.9997,0.9993,0.9823,0.9565,-1.0,-1.0,-1.0,-1.0,-1.0,1.0,1.0,-999,218.0,29.0,189.0,1.87955,0.147581,51.2797,0.356794,1.0,0.231,449.101
27365,6.449,LH2,-1.165,44.83,-3.837,10.24,PI-SIDIS,0.44,4.4,0.67,2.0,123.1,68.618,122.98,68.552,108.48,60.469,269.54,150.24,163.95,91.388,0.9998,0.9989,0.9846,0.9544,-1.0,-1.0,-1.0,-1.0,-1.0,1.0,1.0,-999,227.0,34.7692,192.231,1.64451,0.129649,51.2409,0.391692,1.0,0.237,463.168
27366,6.449,LH2,-1.165,44.83,-3.837,10.24,PI-SIDIS,0.44,4.4,0.67,2.0,116.2,67.963,116.07,67.886,102.37,59.874,255.54,149.45,154.59,90.418,0.9999,0.999,0.984,0.9624,-1.0,-1.0,-1.0,-1.0,-1.0,1.0,1.0,-999,200.0,33.3846,166.615,1.49761,0.127929,51.2432,0.387783,1.0,0.235,458.657
27367,6.449,LH2,-1.165,44.83,-3.837,10.24,PI-SIDIS,0.44,4.4,0.67,2.0,119.71,68.756,119.43,68.597,105.37,60.519,261.49,150.18,158.97,91.306,0.9998,0.9992,0.9828,0.961,-1.0,-1.0,-1.0,-1.0,-1.0,1.0,1.0,-999,218.0,35.2308,182.769,1.59904,0.129978,51.3034,0.406919,1.0,0.237,463.387
27368,6.449,LH2,-1.165,44.83,-3.837,10.24,PI-SIDIS,0.44,4.4,0.67,2.0,115.47,69.129,115.29,69.016,101.71,60.889,251.71,150.68,153.61,91.955,0.9998,0.9996,0.9847,0.9523,-1.0,-1.0,-1.0,-1.0,-1.0,1.0,1.0,-999,228.0,30.9231,197.077,1.80258,0.138829,51.3048,0.348205,1.0,0.239,466.098
27369,6.449,LH2,-1.165,44.83,-3.837,10.24,PI-SIDIS,0.44,4.4,0.67,2.0,119.72,69.19,119.6,69.118,105.49,60.969,260.94,150.8,159.3,92.064,0.9998,0.9991,0.9836,0.9575,-1.0,-1.0,-1.0,-1.0,-1.0,1.0,1.0,-999,203.0,34.3077,168.692,1.47921,0.125744,51.2854,0.372919,1.0,0.238,466.955
27370,6.449,LH2,-1.165,44.83,-3.837,10.24,PI-SIDIS,0.44,4.4,0.67,2.0,129.84,70.392,129.71,70.32,114.43,62.035,280.13,151.86,172.55,93.547,0.9999,0.9993,0.9757,0.9477,-1.0,-1.0,-1.0,-1.0,1.0,-1.0,1.0,-999,208.0,36.3846,171.615,1.47788,0.125031,51.2339,0.386936,1.0,0.243,474.934
27372,6.449,LH2,-1.165,44.83,-3.837,10.24,HMSDIS,0.44,4.4,0.67,2.0,62481.816,68.241,62412.388,68.165,55089.45,60.16,137232.21,149.8,83173.153,90.84,0.9999,0.9993,-999,-999,-1.0,-1.0,-1.0,1.0,-1.0,-1.0,0.99995,96.1455,-999,-999,-999,-999,-999,-999,-999,1.0,0.236,460.722
27373,6.449,LH2,-1.165,44.83,-3.837,10.24,HMSDIS,0.44,4.4,0.67,2.0,41245.845,67.55,41182.947,67.447,36351.917,59.53,91031.58,149.0,54924.555,89.95,0.9998,0.9994,-999,-999,-1.0,-1.0,5.0,-1.0,-1.0,-1.0,0.99995,96.1597,-999,-999,-999,-999,-999,-999,-999,1.0,0.233,455.889
27375,6.449,DUMMY,-1.165,44.83,-3.837,10.24,PI-SIDIS,0.44,4.4,0.67,2.0,70.538,39.778,70.174,39.573,61.906,34.911,266.21,150.12,96.214,54.258,1.0,0.9985,0.9776,0.961,-1.0,-1.0,-1.0,-1.0,-1.0,1.0,1.0,-999,46.0,1.0,45.0,0.669475,0.100986,51.3122,0.432714,1.0,0.051,112.196
27376,6.449,DUMMY,-1.165,44.83,-3.837,10.24,PI-SIDIS,0.44,4.4,0.67,2.0,51.327,38.966,51.082,38.78,45.086,34.228,194.84,147.91,70.061,53.188,1.0,0.999,0.9694,0.9664,-1.0,-1.0,-1.0,-1.0,-1.0,1.0,1.0,-999,27.0,0.461538,26.5385,0.539938,0.105788,51.25,0.402047,1.0,0.05,109.964
27377,6.449,DUMMY,-1.165,44.83,-3.837,10.24,PI-SIDIS,0.44,4.4,0.67,2.0,72.349,39.256,72.035,39.086,63.622,34.521,274.38,148.88,98.894,53.659,1.0,1.0,0.9811,0.9503,-1.0,-1.0,-1.0,-1.0,-1.0,1.0,1.0,-999,26.0,0.461538,25.5385,0.374317,0.0747874,51.5864,0.456786,1.0,0.051,110.949
27378,6.449,DUMMY,-1.165,44.83,-3.837,10.24,PI-SIDIS,0.44,4.4,0.67,2.0,67.729,38.956,67.445,38.793,59.682,34.328,257.3,148.0,93.023,53.506,1.0,0.9992,0.9791,0.9362,-1.0,-1.0,-1.0,-1.0,-1.0,1.0,1.0,-999,30.0,1.69231,28.3077,0.44985,0.0872297,51.3162,0.508551,1.0,0.05,110.096
27379,6.449,DUMMY,-1.165,44.83,-3.837,10.24,HMSDIS,0.44,4.4,0.67,2.0,36560.197,39.407,36397.29,39.232,32270.604,34.78,138422.46,149.2,50322.404,54.24,0.9998,0.9991,-999,-999,-1.0,-1.0,-1.0,1.0,-1.0,-1.0,1.0,99.1858,-999,-999,-999,-999,-999,-999,-999,1.0,-999,111.33
27381,6.449,LH2,-1.165,44.83,-3.837,10.24,PI-SIDIS,0.44,4.4,0.67,2.0,122.21,67.679,122.01,67.564,108.62,60.152,269.62,149.3,162.69,90.095,0.9998,0.9993,0.9853,0.9593,-1.0,-1.0,-1.0,-1.0,-1.0,1.0,1.0,-999,245.0,36.9231,208.077,1.78511,0.13506,51.2634,0.378291,1.0,0.233,456.984
27382,6.449,LH2,-1.165,44.83,-3.837,10.24,PI-SIDIS,0.44,4.4,0.67,2.0,117.04,68.485,116.89,68.399,104.1,60.916,256.18,149.9,155.73,91.127,1.0,0.9994,0.9834,0.9624,-1.0,-1.0,-1.0,-1.0,-1.0,1.0,1.0,-999,239.0,31.4615,207.538,1.85217,0.138666,51.1963,0.341857,1.0,0.236,462.402
27383,6.449,LH2,-1.165,44.83,-3.837,10.24,PI-SIDIS,0.44,4.4,0.67,2.0,126.3,68.573,126.15,68.496,111.56,60.573,276.48,150.11,168.03,91.23,0.9999,0.9986,0.984,0.9591,-1.0,-1.0,-1.0,-1.0,-1.0,1.0,1.0,-999,236.0,36.3846,199.615,1.65642,0.128231,51.2978,0.466633,1.0,0.237,462.81
27384,6.449,LH2,-1.165,44.83,-3.837,10.24,PI-SIDIS,0.44,4.4,0.67,2.0,121.47,69.73,121.36,69.669,107.23,61.556,263.39,151.19,161.53,92.726,1.0,0.9989,0.983,0.9609,-1.0,-1.0,-1.0,-1.0,-1.0,1.0,1.0,-999,242.0,34.6923,207.308,1.78473,0.134662,51.244,0.406851,1.0,0.24,470.712
27385,6.449,LH2,-1.165,44.83,-3.837,10.24,PI-SIDIS,0.44,4.4,0.67,2.0,47.984,69.168,47.943,69.109,42.485,61.242,104.32,150.37,63.836,92.019,0.9998,0.9999,0.9863,0.9653,-1.0,-1.0,-1.0,-1.0,-1.0,1.0,1.0,-999,90.0,12.4615,77.5385,1.68374,0.207099,51.2006,0.393782,1.0,0.238,467.214
27386,6.449,LH2,-1.165,44.83,-3.837,10.24,PI-SIDIS,0.44,4.4,0.67,2.0,117.68,69.747,117.57,69.681,104.47,61.916,255.27,151.29,156.52,92.768,0.9998,0.9991,0.9853,0.9549,-1.0,-1.0,-1.0,-1.0,-1.0,1.0,1.0,-999,237.0,33.3077,203.692,1.82188,0.138438,51.2237,0.350857,1.0,0.24,471.068
27387,6.449,LH2,-1.165,44.83,-3.837,10.24,PI-SIDIS,0.44,4.4,0.67,2.0,103.86,69.583,103.65,69.444,91.526,61.319,225.37,150.99,138.0,92.46,0.9997,0.9987,0.9831,0.9516,-1.0,-1.0,-1.0,-1.0,-1.0,1.0,1.0,-999,208.0,28.9231,179.077,1.82342,0.147635,51.3568,0.353936,1.0,0.239,468.878
27388,6.449,LH2,-1.165,44.83,-3.837,10.24,PI-SIDIS,0.44,4.4,0.67,2.0,107.18,67.213,107.01,67.105,94.718,59.395,237.24,148.76,142.63,89.442,1.0,0.9984,0.9833,0.9524,-1.0,-1.0,-1.0,-1.0,-1.0,1.0,1.0,-999,182.0,28.3846,153.615,1.51329,0.133694,51.2988,0.341997,1.0,0.232,453.491
27389,6.449,LH2,-1.165,44.83,-3.837,10.24,PI-SIDIS,0.44,4.4,0.67,2.0,117.21,69.296,117.07,69.212,103.98,61.473,255.04,150.77,155.92,92.176,0.9998,0.9985,0.9844,0.9583,-1.0,-1.0,-1.0,-1.0,-1.0,1.0,1.0,-999,226.0,35.2308,190.769,1.70741,0.135354,51.2334,0.421508,1.0,0.238,467.514
27390,6.449,LH2,-1.165,44.83,-3.837,10.24,PI-SIDIS,0.44,4.4,0.67,2.0,119.46,69.603,119.34,69.536,106.2,61.879,259.15,150.99,158.92,92.595,0.9998,0.9986,0.9843,0.956,-1.0,-1.0,-1.0,-1.0,-1.0,1.0,1.0,-999,250.0,35.5385,214.462,1.88753,0.139919,51.2745,0.421275,1.0,0.24,469.695
27391,6.449,LH2,-1.165,44.83,-3.837,10.24,PI-SIDIS,0.44,4.4,0.67,2.0,113.64,67.864,113.54,67.802,101.06,60.35,250.19,149.39,151.35,90.377,0.9997,0.9987,0.9841,0.9585,-1.0,-1.0,-1.0,-1.0,-1.0,1.0,1.0,-999,224.0,31.2308,192.769,1.77887,0.138851,51.2175,0.365704,1.0,0.235,458.36
27392,6.449,DUMMY,-1.165,44.83,-3.837,10.24,PI-SIDIS,0.44,4.4,0.67,2.0,77.314,40.086,76.957,39.9,68.417,35.473,291.02,150.88,106.63,55.288,0.9981,1.0,0.982,0.9513,-1.0,-1.0,-1.0,-1.0,-1.0,1.0,1.0,-999,27.0,1.53846,25.4615,0.3496,0.071502,51.3034,0.398383,1.0,0.052,113.149
27393,6.449,DUMMY,-1.165,44.83,-3.837,10.24,PI-SIDIS,0.44,4.4,0.67,2.0,71.905,40.492,71.514,40.271,63.583,35.805,269.8,151.93,99.069,55.788,1.0,0.996,0.9807,0.9556,-1.0,-1.0,-1.0,-1.0,-1.0,1.0,1.0,-999,32.0,1.23077,30.7692,0.451635,0.0831548,51.1993,0.301122,1.0,0.052,114.196
27394,6.449,DUMMY,-1.165,44.83,-3.837,10.24,PI-SIDIS,0.44,4.4,0.67,2.0,52.371,40.36,52.116,40.164,46.308,35.687,196.61,151.52,72.141,55.596,1.0,0.9989,0.976,0.9522,-1.0,-1.0,-1.0,-1.0,-1.0,1.0,1.0,-999,25.0,0.461538,24.5385,0.496465,0.101232,51.2265,0.285793,1.0,0.052,113.88
27395,6.449,DUMMY,-1.165,44.83,-3.837,10.24,PI-SIDIS,0.44,4.4,0.67,2.0,87.166,39.833,86.781,39.658,77.025,35.199,328.93,150.31,119.98,54.831,1.0,0.9981,0.9778,0.9446,-1.0,-1.0,-1.0,-1.0,-1.0,1.0,1.0,-999,55.0,2.15385,52.8462,0.64681,0.0909071,51.2609,0.33951,1.0,0.051,112.593
27396,6.449,DUMMY,-1.165,44.83,-3.837,10.24,PI-SIDIS,0.44,4.4,0.67,2.0,72.108,39.974,71.795,39.8,63.675,35.299,271.9,150.73,99.184,54.984,1.0,0.9985,0.9768,0.9455,-1.0,-1.0,-1.0,-1.0,-1.0,1.0,1.0,-999,41.0,1.15385,39.8462,0.588864,0.0947306,51.2358,0.327461,1.0,0.051,112.95
27397,6.449,DUMMY,-1.165,44.83,-3.837,10.24,PI-SIDIS,0.44,4.4,0.67,2.0,76.418,40.198,76.028,39.993,67.391,35.45,287.8,151.39,104.96,55.215,1.0,0.9985,0.9798,0.9494,-1.0,-1.0,-1.0,-1.0,-1.0,1.0,1.0,-999,29.0,0.769231,28.2308,0.39234,0.0749172,51.3125,0.300035,1.0,0.052,113.459
27399,6.449,LD2,-1.165,44.83,-2.987,10.24,PI-SIDIS,0.44,4.4,0.52,2.0,49.727,27.973,49.506,27.849,43.702,24.584,266.52,149.93,68.041,38.276,0.9999,0.9988,0.9851,0.9787,-1.0,-1.0,-1.0,-1.0,-1.0,1.0,1.0,-999,256.0,79.6923,176.308,3.65282,0.33544,51.261,0.381516,1.0,0.183,288.072
27400,6.449,LD2,-1.165,44.83,-2.987,10.24,PI-SIDIS,0.44,4.4,0.52,2.0,48.543,28.33,48.332,28.207,42.608,24.866,260.12,151.8,66.156,38.609,1.0,0.9988,0.9845,0.9783,-1.0,-1.0,-1.0,-1.0,-1.0,1.0,1.0,-999,297.0,82.0,215.0,4.56337,0.369648,51.3265,0.463602,1.0,0.185,291.548
27401,6.449,LD2,-1.165,44.83,-2.987,10.24,PI-SIDIS,0.44,4.4,0.52,2.0,45.801,27.341,45.601,27.222,40.186,23.989,245.07,146.29,62.406,37.254,1.0,0.999,0.9835,0.9777,-1.0,-1.0,-1.0,-1.0,-1.0,1.0,1.0,-999,263.0,73.9231,189.077,4.25646,0.369005,51.2761,0.355592,1.0,0.178,281.349
27402,6.449,LD2,-1.165,44.83,-2.987,10.24,PI-SIDIS,0.44,4.4,0.52,2.0,60.418,27.964,60.09,27.813,53.051,24.555,323.38,149.68,82.578,38.221,1.0,0.9994,0.9847,0.9755,-1.0,-1.0,-1.0,-1.0,-1.0,1.0,1.0,-999,323.0,104.538,218.462,3.74033,0.311513,51.2879,0.467387,1.0,0.182,287.408
27403,6.449,LD2,-1.165,44.83,-2.978,10.24,PI-SIDIS,0.44,4.4,0.52,2.0,3.003,28.207,2.988,28.07,2.642,24.82,16.123,151.46,4.115,38.659,0.9984,0.9989,0.9797,0.9811,-1.0,-1.0,-1.0,-1.0,-1.0,1.0,1.0,-999,18.0,6.0,12.0,4.12903,1.47843,51.19,0.294066,1.0,0.184,289.397
27406,6.449,LD2,-1.165,44.83,-2.978,10.245,PI-SIDIS,0.44,4.4,0.52,2.0,50.93,28.618,50.709,28.494,44.604,25.064,271.11,152.34,69.22,38.896,0.9997,0.9984,0.9842,0.9741,-1.0,-1.0,-1.0,-1.0,-1.0,1.0,1.0,-999,309.0,86.4615,222.538,4.52208,0.361025,51.2788,0.316481,1.0,0.182,292.387
27407,6.449,LD2,-1.165,44.83,-2.978,10.245,PI-SIDIS,0.44,4.4,0.52,2.0,47.993,28.318,47.743,28.171,42.149,24.87,254.65,150.25,65.58,38.695,0.9997,0.9978,0.984,0.9743,-1.0,-1.0,-1.0,-1.0,-1.0,1.0,1.0,-999,296.0,83.0769,212.923,4.59471,0.375249,51.2649,0.352152,1.0,0.18,288.975
27408,6.449,LD2,-1.165,44.83,-2.978,10.245,PI-SIDIS,0.44,4.4,0.52,2.0,48.249,28.107,48.021,27.974,42.617,24.826,257.24,149.85,66.395,38.678,1.0,0.9979,0.9839,0.9759,-1.0,-1.0,-1.0,-1.0,-1.0,1.0,1.0,-999,284.0,86.4615,197.538,4.22986,0.365056,51.2285,0.424111,1.0,0.179,287.192
27409,6.449,LD2,-1.165,44.83,-2.978,10.245,PI-SIDIS,0.44,4.4,0.52,2.0,47.526,28.437,47.31,28.308,41.877,25.057,251.57,150.53,65.1,38.952,0.9997,0.9978,0.9833,0.9744,-1.0,-1.0,-1.0,-1.0,-1.0,1.0,1.0,-999,265.0,77.6923,187.308,4.07855,0.358439,51.3104,0.382481,1.0,0.181,290.464
27410,6.449,LD2,-1.165,44.83,-2.978,10.245,PI-SIDIS,0.44,4.4,0.52,2.0,28.668,28.434,28.553,28.32,25.162,24.957,152.45,151.21,39.031,38.712,1.0,0.9983,0.9835,0.9721,-1.0,-1.0,-1.0,-1.0,-1.0,1.0,1.0,-999,172.0,48.1538,123.846,4.47781,0.479263,51.3152,0.323717,1.0,0.181,290.485
27411,6.449,LD2,-1.165,44.83,-2.978,10.245,PI-SIDIS,0.44,4.4,0.52,2.0,48.19,28.416,48.007,28.308,42.412,25.009,256.37,151.17,66.001,38.919,0.9997,0.9975,0.9833,0.9739,-1.0,-1.0,-1.0,-1.0,-1.0,1.0,1.0,-999,251.0,83.5385,167.462,3.59529,0.344465,51.2322,0.414207,1.0,0.181,290.525
27412,6.449,LD2,-1.165,44.83,-2.978,10.245,PI-SIDIS,0.44,4.4,0.52,2.0,47.265,28.155,47.055,28.03,41.755,24.873,251.6,149.87,65.077,38.765,0.9998,0.9979,0.9845,0.9753,-1.0,-1.0,-1.0,-1.0,-1.0,1.0,1.0,-999,264.0,78.7692,185.231,4.0509,0.359391,51.2417,0.410435,1.0,0.179,287.636
27413,6.449,LD2,-1.165,44.83,-2.978,10.245,PI-SIDIS,0.44,4.4,0.52,2.0,50.251,28.272,49.994,28.127,44.416,24.989,267.74,150.63,69.139,38.898,0.9998,0.9977,0.985,0.9718,-1.0,-1.0,-1.0,-1.0,-1.0,1.0,1.0,-999,275.0,81.6923,193.308,3.99333,0.346464,51.2017,0.426777,1.0,0.18,288.694
27414,6.449,LD2,-1.165,44.83,-2.978,10.245,PI-SIDIS,0.44,4.4,0.52,2.0,43.679,27.273,43.481,27.15,38.409,23.983,232.79,145.36,59.621,37.228,0.9997,0.9976,0.9813,0.9731,-1.0,-1.0,-1.0,-1.0,-1.0,1.0,1.0,-999,218.0,74.6154,143.385,3.40168,0.354864,51.2912,0.354032,1.0,0.174,278.492
27415,6.449,LD2,-1.165,44.83,-2.978,10.245,HMSDIS,0.44,4.4,0.52,2.0,24950.468,28.564,24835.497,28.432,21931.97,25.1,133073.46,152.3,34064.357,38.99,0.9998,0.9976,-999,-999,-1.0,-1.0,-1.0,1.0,-1.0,-1.0,0.99926,95.5245,-999,-999,-999,-999,-999,-999,-999,1.0,0.183,291.586
27417,6.449,LD2,-1.165,44.83,-2.978,10.245,HMSDIS,0.44,4.4,0.52,2.0,20438.398,27.964,20357.281,27.853,18056.589,24.7,109299.19,149.5,28127.518,38.48,0.9996,0.9978,-999,-999,-1.0,-1.0,9.0,-1.0,-1.0,-1.0,0.99896,95.5563,-999,-999,-999,-999,-999,-999,-999,1.0,0.179,286.353
27418,6.449,LH2,-1.165,44.83,-2.978,10.245,PI-SIDIS,0.44,4.4,0.52,2.0,98.267,55.806,97.972,55.638,87.429,49.651,265.78,150.93,136.17,77.331,0.9998,0.9978,0.981,0.9706,-1.0,-1.0,-1.0,-1.0,-1.0,1.0,1.0,-999,250.0,73.5385,176.462,1.86372,0.168873,51.2107,0.39904,1.0,0.194,283.417
27419,6.449,LH2,-1.165,44.83,-2.978,10.245,PI-SIDIS,0.44,4.4,0.52,2.0,66.959,55.379,66.696,55.161,59.533,49.237,181.17,149.83,92.721,76.685,0.9997,0.9976,0.9783,0.9685,-1.0,-1.0,-1.0,-1.0,-1.0,1.0,1.0,-999,168.0,52.0,116.0,1.80436,0.203999,51.193,0.396408,1.0,0.192,280.918
27420,6.449,LH2,-1.165,44.83,-2.978,10.245,PI-SIDIS,0.44,4.4,0.52,2.0,76.168,55.925,75.931,55.75,67.783,49.768,202.99,149.04,105.55,77.501,1.0,0.998,0.9804,0.9686,-1.0,-1.0,-1.0,-1.0,-1.0,1.0,1.0,-999,181.0,61.8462,119.154,1.62732,0.186139,51.1845,0.373377,1.0,0.194,283.986
27421,6.449,LH2,-1.165,44.83,-2.978,10.245,PI-SIDIS,0.44,4.4,0.52,2.0,98.08,59.272,97.855,59.136,87.338,52.781,246.42,148.91,135.98,82.181,1.0,0.9977,0.978,0.9662,-1.0,-1.0,-1.0,-1.0,-1.0,1.0,1.0,-999,243.0,79.3846,163.615,1.73813,0.167668,51.215,0.364066,1.0,0.206,300.757
